,Timestamp,Data Source,Display Name,Display Valule,Raw Value
0,2019-03-01T11:00:32Z,Cell Radio,Radio Access Technology,3G (HSDPA),3G (HSDPA)
1,2019-03-01T11:00:32Z,Cell Radio,Carrier,3 Ireland,3 Ireland
2,2019-03-01T11:00:32Z,GPS,Enabled,Yes,TRUE
3,2019-03-01T11:00:32Z,GPS,Authorisation Status,Authorised When In Use,Authorised When In Use
4,2019-03-01T11:00:32Z,GPS,Latitude,53.34359741,53.34359741
5,2019-03-01T11:00:32Z,GPS,Longitude,-6.250789916,-6.250789916
6,2019-03-01T11:00:32Z,GPS,Speed (estimated),Unknown,-1
7,2019-03-01T11:00:32Z,GPS,Altitude,11.3299655914307 Meters,11.32996559
8,2019-03-01T11:00:32Z,GPS,Floor,2146959360,2146959360
9,2019-03-01T11:00:32Z,GPS,Horizontal Accuracy,65 Meters,65
10,2019-03-01T11:00:32Z,GPS,Vertical Accuracy,10 Meters,10
11,2019-03-01T11:00:32Z,Cell Radio,Radio Access Technology,3G (HSDPA),3G (HSDPA)
12,2019-03-01T11:00:32Z,Cell Radio,Carrier,3 Ireland,3 Ireland
13,2019-03-01T11:00:32Z,GPS,Enabled,Yes,TRUE
14,2019-03-01T11:00:32Z,GPS,Authorisation Status,Authorised When In Use,Authorised When In Use
15,2019-03-01T11:00:32Z,GPS,Latitude,53.34359741,53.34359741
16,2019-03-01T11:00:32Z,GPS,Longitude,-6.250789916,-6.250789916
17,2019-03-01T11:00:32Z,GPS,Speed (estimated),Unknown,-1
18,2019-03-01T11:00:32Z,GPS,Altitude,11.3299655914307 Meters,11.32996559
19,2019-03-01T11:00:32Z,GPS,Floor,2146959360,2146959360
20,2019-03-01T11:00:32Z,GPS,Horizontal Accuracy,65 Meters,65
21,2019-03-01T11:00:32Z,GPS,Vertical Accuracy,10 Meters,10
22,2019-03-01T11:00:32Z,Acceleration (total),x,0.065200806,0.065200806
23,2019-03-01T11:00:32Z,Acceleration (total),y,-0.44406122,-0.44406122
24,2019-03-01T11:00:32Z,Acceleration (total),z,-0.893447876,-0.893447876
25,2019-03-01T11:00:32Z,Gyrometer (smooth),x,0.647755682,0.647755682
26,2019-03-01T11:00:32Z,Gyrometer (smooth),y,-0.421925306,-0.421925306
27,2019-03-01T11:00:32Z,Gyrometer (smooth),z,-0.004370108,-0.004370108
28,2019-03-01T11:00:33Z,GPS,Enabled,Yes,TRUE
29,2019-03-01T11:00:33Z,GPS,Authorisation Status,Authorised When In Use,Authorised When In Use
30,2019-03-01T11:00:33Z,GPS,Latitude,53.3436337,53.3436337
31,2019-03-01T11:00:33Z,GPS,Longitude,-6.250790743,-6.250790743
32,2019-03-01T11:00:33Z,GPS,Speed (estimated),Unknown,-1
33,2019-03-01T11:00:33Z,GPS,Altitude,11.2791748046875 Meters,11.2791748
34,2019-03-01T11:00:33Z,GPS,Floor,No Data,nil
35,2019-03-01T11:00:33Z,GPS,Horizontal Accuracy,65 Meters,65
36,2019-03-01T11:00:33Z,GPS,Vertical Accuracy,10 Meters,10
37,2019-03-01T11:00:33Z,GPS,Enabled,Yes,TRUE
38,2019-03-01T11:00:33Z,GPS,Authorisation Status,Authorised When In Use,Authorised When In Use
39,2019-03-01T11:00:33Z,GPS,Latitude,53.34364101,53.34364101
40,2019-03-01T11:00:33Z,GPS,Longitude,-6.250785906,-6.250785906
41,2019-03-01T11:00:33Z,GPS,Speed (estimated),Unknown,-1
42,2019-03-01T11:00:33Z,GPS,Altitude,11.2464113235474 Meters,11.24641132
43,2019-03-01T11:00:33Z,GPS,Floor,No Data,nil
44,2019-03-01T11:00:33Z,GPS,Horizontal Accuracy,65 Meters,65
45,2019-03-01T11:00:33Z,GPS,Vertical Accuracy,10 Meters,10
46,2019-03-01T11:00:33Z,WiFi,Connected SSID,TCDwifi,TCDwifi
47,2019-03-01T11:00:33Z,WiFi,Connected BSSID,54:A2:74:ED:E5:51,54:a2:74:ed:e5:51
48,2019-03-01T11:00:33Z,Acceleration (total),x,0.148178104,0.148178104
49,2019-03-01T11:00:33Z,Acceleration (total),y,-0.632385254,-0.632385254
50,2019-03-01T11:00:33Z,Acceleration (total),z,-0.888427794,-0.888427794
51,2019-03-01T11:00:33Z,Gyrometer (smooth),x,-0.092235051,-0.092235051
52,2019-03-01T11:00:33Z,Gyrometer (smooth),y,0.057475932,0.057475932
53,2019-03-01T11:00:33Z,Gyrometer (smooth),z,-0.391223043,-0.391223043
54,2019-03-01T11:00:34Z,GPS,Enabled,Yes,TRUE
55,2019-03-01T11:00:34Z,GPS,Authorisation Status,Authorised When In Use,Authorised When In Use
56,2019-03-01T11:00:34Z,GPS,Latitude,53.34364296,53.34364296
57,2019-03-01T11:00:34Z,GPS,Longitude,-6.250784564,-6.250784564
58,2019-03-01T11:00:34Z,GPS,Speed (estimated),Unknown,-1
59,2019-03-01T11:00:34Z,GPS,Altitude,11.2158041000366 Meters,11.2158041
60,2019-03-01T11:00:34Z,GPS,Floor,No Data,nil
61,2019-03-01T11:00:34Z,GPS,Horizontal Accuracy,65 Meters,65
62,2019-03-01T11:00:34Z,GPS,Vertical Accuracy,10 Meters,10
63,2019-03-01T11:00:34Z,Acceleration (total),x,0.915420532,0.915420532
64,2019-03-01T11:00:34Z,Acceleration (total),y,0.074234009,0.074234009
65,2019-03-01T11:00:34Z,Acceleration (total),z,-0.584060669,-0.584060669
66,2019-03-01T11:00:34Z,Gyrometer (smooth),x,0.453594178,0.453594178
67,2019-03-01T11:00:34Z,Gyrometer (smooth),y,0.182008803,0.182008803
68,2019-03-01T11:00:34Z,Gyrometer (smooth),z,-1.473334908,-1.473334908
69,2019-03-01T11:00:34Z,WiFi,Connected SSID,TCDwifi,TCDwifi
70,2019-03-01T11:00:34Z,WiFi,Connected BSSID,54:A2:74:ED:E5:51,54:a2:74:ed:e5:51
71,2019-03-01T11:00:35Z,GPS,Enabled,Yes,TRUE
72,2019-03-01T11:00:35Z,GPS,Authorisation Status,Authorised When In Use,Authorised When In Use
73,2019-03-01T11:00:35Z,GPS,Latitude,53.3435203,53.3435203
74,2019-03-01T11:00:35Z,GPS,Longitude,-6.250834716,-6.250834716
75,2019-03-01T11:00:35Z,GPS,Speed (estimated),2.8199999332428 m/s,2.819999933
76,2019-03-01T11:00:35Z,GPS,Altitude,11.9670066833496 Meters,11.96700668
77,2019-03-01T11:00:35Z,GPS,Floor,No Data,nil
78,2019-03-01T11:00:35Z,GPS,Horizontal Accuracy,50 Meters,50
79,2019-03-01T11:00:35Z,GPS,Vertical Accuracy,64 Meters,64
80,2019-03-01T11:00:35Z,Acceleration (total),x,0.764556944,0.764556944
81,2019-03-01T11:00:35Z,Acceleration (total),y,1.286437988,1.286437988
82,2019-03-01T11:00:35Z,Acceleration (total),z,-0.785980195,-0.785980195
83,2019-03-01T11:00:35Z,Gyrometer (smooth),x,-0.428168744,-0.428168744
84,2019-03-01T11:00:35Z,Gyrometer (smooth),y,-0.137037486,-0.137037486
85,2019-03-01T11:00:35Z,Gyrometer (smooth),z,-1.868198872,-1.868198872
86,2019-03-01T11:00:35Z,GPS,Enabled,Yes,TRUE
87,2019-03-01T11:00:35Z,GPS,Authorisation Status,Authorised When In Use,Authorised When In Use
88,2019-03-01T11:00:35Z,GPS,Latitude,53.34354,53.34354
89,2019-03-01T11:00:35Z,GPS,Longitude,-6.250863047,-6.250863047
90,2019-03-01T11:00:35Z,GPS,Speed (estimated),2.8199999332428 m/s,2.819999933
91,2019-03-01T11:00:35Z,GPS,Altitude,12.1520042419434 Meters,12.15200424
92,2019-03-01T11:00:35Z,GPS,Floor,No Data,nil
93,2019-03-01T11:00:35Z,GPS,Horizontal Accuracy,50 Meters,50
94,2019-03-01T11:00:35Z,GPS,Vertical Accuracy,64 Meters,64
95,2019-03-01T11:00:35Z,WiFi,Connected SSID,TCDwifi,TCDwifi
96,2019-03-01T11:00:35Z,WiFi,Connected BSSID,54:A2:74:ED:E5:51,54:a2:74:ed:e5:51
97,2019-03-01T11:00:36Z,Acceleration (total),x,0.463104248,0.463104248
98,2019-03-01T11:00:36Z,Acceleration (total),y,0.993453979,0.993453979
99,2019-03-01T11:00:36Z,Acceleration (total),z,-0.570877075,-0.570877075
100,2019-03-01T11:00:36Z,Gyrometer (smooth),x,1.808990359,1.808990359
101,2019-03-01T11:00:36Z,Gyrometer (smooth),y,0.209309563,0.209309563
102,2019-03-01T11:00:36Z,Gyrometer (smooth),z,-0.175448552,-0.175448552
103,2019-03-01T11:00:36Z,GPS,Enabled,Yes,TRUE
104,2019-03-01T11:00:36Z,GPS,Authorisation Status,Authorised When In Use,Authorised When In Use
105,2019-03-01T11:00:36Z,GPS,Latitude,53.34346041,53.34346041
106,2019-03-01T11:00:36Z,GPS,Longitude,-6.250751317,-6.250751317
107,2019-03-01T11:00:36Z,GPS,Speed (estimated),2.8199999332428 m/s,2.819999933
108,2019-03-01T11:00:36Z,GPS,Altitude,14.4594383239746 Meters,14.45943832
109,2019-03-01T11:00:36Z,GPS,Floor,No Data,nil
110,2019-03-01T11:00:36Z,GPS,Horizontal Accuracy,30 Meters,30
111,2019-03-01T11:00:36Z,GPS,Vertical Accuracy,24 Meters,24
112,2019-03-01T11:00:36Z,WiFi,Connected SSID,TCDwifi,TCDwifi
113,2019-03-01T11:00:36Z,WiFi,Connected BSSID,54:A2:74:ED:E5:51,54:a2:74:ed:e5:51
114,2019-03-01T11:00:37Z,Acceleration (total),x,0.886795044,0.886795044
115,2019-03-01T11:00:37Z,Acceleration (total),y,0.485519409,0.485519409
116,2019-03-01T11:00:37Z,Acceleration (total),z,0.185150206,0.185150206
117,2019-03-01T11:00:37Z,Gyrometer (smooth),x,-1.086442471,-1.086442471
118,2019-03-01T11:00:37Z,Gyrometer (smooth),y,1.852978945,1.852978945
119,2019-03-01T11:00:37Z,Gyrometer (smooth),z,1.973623753,1.973623753
120,2019-03-01T11:00:39Z,WiFi,Connected SSID,TCDwifi,TCDwifi
121,2019-03-01T11:00:39Z,WiFi,Connected BSSID,5C:83:8F:D7:E0:21,5c:83:8f:d7:e0:21
122,2019-03-01T11:00:39Z,GPS,Enabled,Yes,TRUE
123,2019-03-01T11:00:39Z,GPS,Authorisation Status,Authorised When In Use,Authorised When In Use
124,2019-03-01T11:00:39Z,GPS,Latitude,53.34337253,53.34337253
125,2019-03-01T11:00:39Z,GPS,Longitude,-6.250652326,-6.250652326
126,2019-03-01T11:00:39Z,GPS,Speed (estimated),2.25999999046326 m/s,2.25999999
127,2019-03-01T11:00:39Z,GPS,Altitude,13.1919822692871 Meters,13.19198227
128,2019-03-01T11:00:39Z,GPS,Floor,No Data,nil
129,2019-03-01T11:00:39Z,GPS,Horizontal Accuracy,30 Meters,30
130,2019-03-01T11:00:39Z,GPS,Vertical Accuracy,16 Meters,16
131,2019-03-01T11:00:39Z,Acceleration (total),x,1.1481933,1.1481933
132,2019-03-01T11:00:39Z,Acceleration (total),y,0.011917099,0.011917099
133,2019-03-01T11:00:39Z,Acceleration (total),z,0.102111816,0.102111816
134,2019-03-01T11:00:39Z,Gyrometer (smooth),x,0.785328388,0.785328388
135,2019-03-01T11:00:39Z,Gyrometer (smooth),y,-2.809120893,-2.809120893
136,2019-03-01T11:00:39Z,Gyrometer (smooth),z,0.868763208,0.868763208
137,2019-03-01T11:00:39Z,Acceleration (total),x,0.701461792,0.701461792
138,2019-03-01T11:00:39Z,Acceleration (total),y,0.021484356,0.021484356
139,2019-03-01T11:00:39Z,Acceleration (total),z,0.055099517,0.055099517
140,2019-03-01T11:00:39Z,Gyrometer (smooth),x,0.711917281,0.711917281
141,2019-03-01T11:00:39Z,Gyrometer (smooth),y,1.754282475,1.754282475
142,2019-03-01T11:00:39Z,Gyrometer (smooth),z,0.134156898,0.134156898
143,2019-03-01T11:00:39Z,GPS,Enabled,Yes,TRUE
144,2019-03-01T11:00:39Z,GPS,Authorisation Status,Authorised When In Use,Authorised When In Use
145,2019-03-01T11:00:39Z,GPS,Latitude,53.34347479,53.34347479
146,2019-03-01T11:00:39Z,GPS,Longitude,-6.250660038,-6.250660038
147,2019-03-01T11:00:39Z,GPS,Speed (estimated),1.5 m/s,1.5
148,2019-03-01T11:00:39Z,GPS,Altitude,24.5079002380371 Meters,24.50790024
149,2019-03-01T11:00:39Z,GPS,Floor,No Data,nil
150,2019-03-01T11:00:39Z,GPS,Horizontal Accuracy,30 Meters,30
151,2019-03-01T11:00:39Z,GPS,Vertical Accuracy,24 Meters,24
152,2019-03-01T11:00:39Z,GPS,Enabled,Yes,TRUE
153,2019-03-01T11:00:39Z,GPS,Authorisation Status,Authorised When In Use,Authorised When In Use
154,2019-03-01T11:00:39Z,GPS,Latitude,53.3436568,53.3436568
155,2019-03-01T11:00:39Z,GPS,Longitude,-6.250701696,-6.250701696
156,2019-03-01T11:00:39Z,GPS,Speed (estimated),1.13999998569489 m/s,1.139999986
157,2019-03-01T11:00:39Z,GPS,Altitude,24.5727806091309 Meters,24.57278061
158,2019-03-01T11:00:39Z,GPS,Floor,No Data,nil
159,2019-03-01T11:00:39Z,GPS,Horizontal Accuracy,30 Meters,30
160,2019-03-01T11:00:39Z,GPS,Vertical Accuracy,16 Meters,16
161,2019-03-01T11:00:39Z,WiFi,Connected SSID,TCDwifi,TCDwifi
162,2019-03-01T11:00:39Z,WiFi,Connected BSSID,5C:83:8F:D7:E0:21,5c:83:8f:d7:e0:21
163,2019-03-01T11:00:40Z,Acceleration (total),x,1.170761108,1.170761108
164,2019-03-01T11:00:40Z,Acceleration (total),y,-0.379302979,-0.379302979
165,2019-03-01T11:00:40Z,Acceleration (total),z,-0.256164543,-0.256164543
166,2019-03-01T11:00:40Z,Gyrometer (smooth),x,0.364874601,0.364874601
167,2019-03-01T11:00:40Z,Gyrometer (smooth),y,-1.814516425,-1.814516425
168,2019-03-01T11:00:40Z,Gyrometer (smooth),z,-1.004422784,-1.004422784
169,2019-03-01T11:00:40Z,WiFi,Connected SSID,TCDwifi,TCDwifi
170,2019-03-01T11:00:40Z,WiFi,Connected BSSID,5C:83:8F:D7:E0:21,5c:83:8f:d7:e0:21
171,2019-03-01T11:00:40Z,GPS,Enabled,Yes,TRUE
172,2019-03-01T11:00:40Z,GPS,Authorisation Status,Authorised When In Use,Authorised When In Use
173,2019-03-01T11:00:40Z,GPS,Latitude,53.34376182,53.34376182
174,2019-03-01T11:00:40Z,GPS,Longitude,-6.250786856,-6.250786856
175,2019-03-01T11:00:40Z,GPS,Speed (estimated),1.13999998569489 m/s,1.139999986
176,2019-03-01T11:00:40Z,GPS,Altitude,26.0838890075684 Meters,26.08388901
177,2019-03-01T11:00:40Z,GPS,Floor,No Data,nil
178,2019-03-01T11:00:40Z,GPS,Horizontal Accuracy,30 Meters,30
179,2019-03-01T11:00:40Z,GPS,Vertical Accuracy,16 Meters,16
180,2019-03-01T11:00:41Z,Acceleration (total),x,0.84741205,0.84741205
181,2019-03-01T11:00:41Z,Acceleration (total),y,0.253036514,0.253036514
182,2019-03-01T11:00:41Z,Acceleration (total),z,0.35182187,0.35182187
183,2019-03-01T11:00:41Z,Gyrometer (smooth),x,-1.476731062,-1.476731062
184,2019-03-01T11:00:41Z,Gyrometer (smooth),y,-1.532482862,-1.532482862
185,2019-03-01T11:00:41Z,Gyrometer (smooth),z,0.595116735,0.595116735
186,2019-03-01T11:00:41Z,GPS,Enabled,Yes,TRUE
187,2019-03-01T11:00:41Z,GPS,Authorisation Status,Authorised When In Use,Authorised When In Use
188,2019-03-01T11:00:41Z,GPS,Latitude,53.34369607,53.34369607
189,2019-03-01T11:00:41Z,GPS,Longitude,-6.250763638,-6.250763638
190,2019-03-01T11:00:41Z,GPS,Speed (estimated),1.13999998569489 m/s,1.139999986
191,2019-03-01T11:00:41Z,GPS,Altitude,30.8022727966309 Meters,30.8022728
192,2019-03-01T11:00:41Z,GPS,Floor,No Data,nil
193,2019-03-01T11:00:41Z,GPS,Horizontal Accuracy,30 Meters,30
194,2019-03-01T11:00:41Z,GPS,Vertical Accuracy,24 Meters,24
195,2019-03-01T11:00:41Z,WiFi,Connected SSID,TCDwifi,TCDwifi
196,2019-03-01T11:00:41Z,WiFi,Connected BSSID,5C:83:8F:D7:E0:21,5c:83:8f:d7:e0:21
197,2019-03-01T11:00:42Z,Acceleration (total),x,0.19883728,0.19883728
198,2019-03-01T11:00:42Z,Acceleration (total),y,0.38684082,0.38684082
199,2019-03-01T11:00:42Z,Acceleration (total),z,0.179977506,0.179977506
200,2019-03-01T11:00:42Z,Gyrometer (smooth),x,0.41881156,0.41881156
201,2019-03-01T11:00:42Z,Gyrometer (smooth),y,-0.511900961,-0.511900961
202,2019-03-01T11:00:42Z,Gyrometer (smooth),z,0.630415618,0.630415618
203,2019-03-01T11:00:42Z,GPS,Enabled,Yes,TRUE
204,2019-03-01T11:00:42Z,GPS,Authorisation Status,Authorised When In Use,Authorised When In Use
205,2019-03-01T11:00:42Z,GPS,Latitude,53.34360429,53.34360429
206,2019-03-01T11:00:42Z,GPS,Longitude,-6.250674287,-6.250674287
207,2019-03-01T11:00:42Z,GPS,Speed (estimated),0.850000023841858 m/s,0.850000024
208,2019-03-01T11:00:42Z,GPS,Altitude,32.8653221130371 Meters,32.86532211
209,2019-03-01T11:00:42Z,GPS,Floor,No Data,nil
210,2019-03-01T11:00:42Z,GPS,Horizontal Accuracy,10 Meters,10
211,2019-03-01T11:00:42Z,GPS,Vertical Accuracy,16 Meters,16
212,2019-03-01T11:00:42Z,WiFi,Connected SSID,TCDwifi,TCDwifi
213,2019-03-01T11:00:42Z,WiFi,Connected BSSID,5C:83:8F:D7:E0:21,5c:83:8f:d7:e0:21
214,2019-03-01T11:00:42Z,Acceleration (total),x,0.861129761,0.861129761
215,2019-03-01T11:00:42Z,Acceleration (total),y,1.069625854,1.069625854
216,2019-03-01T11:00:42Z,Acceleration (total),z,-0.677276632,-0.677276632
217,2019-03-01T11:00:42Z,Gyrometer (smooth),x,1.926291466,1.926291466
218,2019-03-01T11:00:42Z,Gyrometer (smooth),y,1.791059375,1.791059375
219,2019-03-01T11:00:42Z,Gyrometer (smooth),z,-1.851176858,-1.851176858
220,2019-03-01T11:00:43Z,GPS,Enabled,Yes,TRUE
221,2019-03-01T11:00:43Z,GPS,Authorisation Status,Authorised When In Use,Authorised When In Use
222,2019-03-01T11:00:43Z,GPS,Latitude,53.34356196,53.34356196
223,2019-03-01T11:00:43Z,GPS,Longitude,-6.250611926,-6.250611926
224,2019-03-01T11:00:43Z,GPS,Speed (estimated),0.280000001192093 m/s,0.280000001
225,2019-03-01T11:00:43Z,GPS,Altitude,31.0819969177246 Meters,31.08199692
226,2019-03-01T11:00:43Z,GPS,Floor,No Data,nil
227,2019-03-01T11:00:43Z,GPS,Horizontal Accuracy,10 Meters,10
228,2019-03-01T11:00:43Z,GPS,Vertical Accuracy,16 Meters,16
229,2019-03-01T11:00:43Z,Acceleration (total),x,1.379425049,1.379425049
230,2019-03-01T11:00:43Z,Acceleration (total),y,0.090408325,0.090408325
231,2019-03-01T11:00:43Z,Acceleration (total),z,-0.585494995,-0.585494995
232,2019-03-01T11:00:43Z,Gyrometer (smooth),x,3.012213945,3.012213945
233,2019-03-01T11:00:43Z,Gyrometer (smooth),y,2.007223845,2.007223845
234,2019-03-01T11:00:43Z,Gyrometer (smooth),z,-0.14976564,-0.14976564
235,2019-03-01T11:00:43Z,WiFi,Connected SSID,TCDwifi,TCDwifi
236,2019-03-01T11:00:43Z,WiFi,Connected BSSID,5C:83:8F:D7:E0:21,5c:83:8f:d7:e0:21
237,2019-03-01T11:08:48Z,GPS,Enabled,Yes,TRUE
238,2019-03-01T11:08:48Z,GPS,Authorisation Status,Authorised When In Use,Authorised When In Use
239,2019-03-01T11:08:48Z,GPS,Latitude,53.34349612,53.34349612
240,2019-03-01T11:08:48Z,GPS,Longitude,-6.250580326,-6.250580326
241,2019-03-01T11:08:48Z,GPS,Speed (estimated),0.230000004172325 m/s,0.230000004
242,2019-03-01T11:08:48Z,GPS,Altitude,33.9085960388184 Meters,33.90859604
243,2019-03-01T11:08:48Z,GPS,Floor,No Data,nil
244,2019-03-01T11:08:48Z,GPS,Horizontal Accuracy,25 Meters,25
245,2019-03-01T11:08:48Z,GPS,Vertical Accuracy,16 Meters,16
246,2019-03-01T11:08:48Z,Acceleration (total),x,0.590606689,0.590606689
247,2019-03-01T11:08:48Z,Acceleration (total),y,0.28433229,0.28433229
248,2019-03-01T11:08:48Z,Acceleration (total),z,0.580337584,0.580337584
249,2019-03-01T11:08:48Z,Gyrometer (smooth),x,-0.092808016,-0.092808016
250,2019-03-01T11:08:48Z,Gyrometer (smooth),y,-1.687773347,-1.687773347
251,2019-03-01T11:08:48Z,Gyrometer (smooth),z,-0.427519113,-0.427519113
252,2019-03-01T11:08:48Z,WiFi,Connected SSID,TCDwifi,TCDwifi
253,2019-03-01T11:08:48Z,WiFi,Connected BSSID,E4:AA:5D:92:8B:7E,e4:aa:5d:92:8b:7e
254,2019-03-01T11:08:48Z,Acceleration (total),x,1.543136597,1.543136597
255,2019-03-01T11:08:48Z,Acceleration (total),y,0.083251983,0.083251983
256,2019-03-01T11:08:48Z,Acceleration (total),z,-0.093170166,-0.093170166
257,2019-03-01T11:08:48Z,Gyrometer (smooth),x,-0.094859183,-0.094859183
258,2019-03-01T11:08:48Z,Gyrometer (smooth),y,-1.942295909,-1.942295909
259,2019-03-01T11:08:48Z,Gyrometer (smooth),z,-1.287757397,-1.287757397
260,2019-03-01T11:08:48Z,Acceleration (total),x,-0.026931792,-0.026931792
261,2019-03-01T11:08:48Z,Acceleration (total),y,-0.643630981,-0.643630981
262,2019-03-01T11:08:48Z,Acceleration (total),z,-0.778198242,-0.778198242
263,2019-03-01T11:08:48Z,Gyrometer (smooth),x,0.015035891,0.015035891
264,2019-03-01T11:08:48Z,Gyrometer (smooth),y,-0.015624274,-0.015624274
265,2019-03-01T11:08:48Z,Gyrometer (smooth),z,-0.012418859,-0.012418859
266,2019-03-01T11:08:48Z,GPS,Enabled,Yes,TRUE
267,2019-03-01T11:08:48Z,GPS,Authorisation Status,Authorised When In Use,Authorised When In Use
268,2019-03-01T11:08:48Z,GPS,Latitude,53.34199323,53.34199323
269,2019-03-01T11:08:48Z,GPS,Longitude,-6.253181268,-6.253181268
270,2019-03-01T11:08:48Z,GPS,Speed (estimated),Unknown,-1
271,2019-03-01T11:08:48Z,GPS,Altitude,10.6196117401123 Meters,10.61961174
272,2019-03-01T11:08:48Z,GPS,Floor,No Data,nil
273,2019-03-01T11:08:48Z,GPS,Horizontal Accuracy,65 Meters,65
274,2019-03-01T11:08:48Z,GPS,Vertical Accuracy,10 Meters,10
275,2019-03-01T11:08:48Z,GPS,Enabled,Yes,TRUE
276,2019-03-01T11:08:48Z,GPS,Authorisation Status,Authorised When In Use,Authorised When In Use
277,2019-03-01T11:08:48Z,GPS,Latitude,53.34199323,53.34199323
278,2019-03-01T11:08:48Z,GPS,Longitude,-6.253181268,-6.253181268
279,2019-03-01T11:08:48Z,GPS,Speed (estimated),Unknown,-1
280,2019-03-01T11:08:48Z,GPS,Altitude,10.6196117401123 Meters,10.61961174
281,2019-03-01T11:08:48Z,GPS,Floor,No Data,nil
282,2019-03-01T11:08:48Z,GPS,Horizontal Accuracy,65 Meters,65
283,2019-03-01T11:08:48Z,GPS,Vertical Accuracy,10 Meters,10
284,2019-03-01T11:08:48Z,GPS,Enabled,Yes,TRUE
285,2019-03-01T11:08:48Z,GPS,Authorisation Status,Authorised When In Use,Authorised When In Use
286,2019-03-01T11:08:48Z,GPS,Latitude,53.34201257,53.34201257
287,2019-03-01T11:08:48Z,GPS,Longitude,-6.253180904,-6.253180904
288,2019-03-01T11:08:48Z,GPS,Speed (estimated),Unknown,-1
289,2019-03-01T11:08:48Z,GPS,Altitude,10.6196117401123 Meters,10.61961174
290,2019-03-01T11:08:48Z,GPS,Floor,No Data,nil
291,2019-03-01T11:08:48Z,GPS,Horizontal Accuracy,306.735796133427 Meters,306.7357961
292,2019-03-01T11:08:48Z,GPS,Vertical Accuracy,10 Meters,10
293,2019-03-01T11:08:48Z,WiFi,Connected SSID,TCDwifi,TCDwifi
294,2019-03-01T11:08:48Z,WiFi,Connected BSSID,E4:AA:5D:92:8B:7E,e4:aa:5d:92:8b:7e
295,2019-03-01T11:08:48Z,Cell Radio,Radio Access Technology,4G (LTE),4G (LTE)
296,2019-03-01T11:08:48Z,Cell Radio,Carrier,3 Ireland,3 Ireland
297,2019-03-01T11:08:48Z,Cell Radio,Radio Access Technology,4G (LTE),4G (LTE)
298,2019-03-01T11:08:48Z,Cell Radio,Carrier,3 Ireland,3 Ireland
299,2019-03-01T11:08:48Z,Cell Radio,Radio Access Technology,4G (LTE),4G (LTE)
300,2019-03-01T11:08:48Z,Cell Radio,Carrier,3 Ireland,3 Ireland
301,2019-03-01T11:08:48Z,Cell Radio,Radio Access Technology,4G (LTE),4G (LTE)
302,2019-03-01T11:08:48Z,Cell Radio,Carrier,3 Ireland,3 Ireland
303,2019-03-01T11:08:48Z,GPS,Enabled,Yes,TRUE
304,2019-03-01T11:08:48Z,GPS,Authorisation Status,Authorised When In Use,Authorised When In Use
305,2019-03-01T11:08:48Z,GPS,Latitude,53.34201274,53.34201274
306,2019-03-01T11:08:48Z,GPS,Longitude,-6.253180901,-6.253180901
307,2019-03-01T11:08:48Z,GPS,Speed (estimated),Unknown,-1
308,2019-03-01T11:08:48Z,GPS,Altitude,10.6196117401123 Meters,10.61961174
309,2019-03-01T11:08:48Z,GPS,Floor,No Data,nil
310,2019-03-01T11:08:48Z,GPS,Horizontal Accuracy,306.761171491787 Meters,306.7611715
311,2019-03-01T11:08:48Z,GPS,Vertical Accuracy,10 Meters,10
312,2019-03-01T11:08:48Z,GPS,Enabled,Yes,TRUE
313,2019-03-01T11:08:48Z,GPS,Authorisation Status,Authorised When In Use,Authorised When In Use
314,2019-03-01T11:08:48Z,GPS,Latitude,53.34201289,53.34201289
315,2019-03-01T11:08:48Z,GPS,Longitude,-6.253180898,-6.253180898
316,2019-03-01T11:08:48Z,GPS,Speed (estimated),Unknown,-1
317,2019-03-01T11:08:48Z,GPS,Altitude,10.6196117401123 Meters,10.61961174
318,2019-03-01T11:08:48Z,GPS,Floor,No Data,nil
319,2019-03-01T11:08:48Z,GPS,Horizontal Accuracy,306.779264370053 Meters,306.7792644
320,2019-03-01T11:08:48Z,GPS,Vertical Accuracy,10 Meters,10
321,2019-03-01T11:08:48Z,GPS,Enabled,Yes,TRUE
322,2019-03-01T11:08:48Z,GPS,Authorisation Status,Authorised When In Use,Authorised When In Use
323,2019-03-01T11:08:48Z,GPS,Latitude,53.34201289,53.34201289
324,2019-03-01T11:08:48Z,GPS,Longitude,-6.253180898,-6.253180898
325,2019-03-01T11:08:48Z,GPS,Speed (estimated),Unknown,-1
326,2019-03-01T11:08:48Z,GPS,Altitude,10.6196117401123 Meters,10.61961174
327,2019-03-01T11:08:48Z,GPS,Floor,No Data,nil
328,2019-03-01T11:08:48Z,GPS,Horizontal Accuracy,306.77926867115 Meters,306.7792687
329,2019-03-01T11:08:48Z,GPS,Vertical Accuracy,10 Meters,10
330,2019-03-01T11:08:49Z,GPS,Enabled,Yes,TRUE
331,2019-03-01T11:08:49Z,GPS,Authorisation Status,Authorised When In Use,Authorised When In Use
332,2019-03-01T11:08:49Z,GPS,Latitude,53.34199449,53.34199449
333,2019-03-01T11:08:49Z,GPS,Longitude,-6.253185797,-6.253185797
334,2019-03-01T11:08:49Z,GPS,Speed (estimated),Unknown,-1
335,2019-03-01T11:08:49Z,GPS,Altitude,11.3288335800171 Meters,11.32883358
336,2019-03-01T11:08:49Z,GPS,Floor,No Data,nil
337,2019-03-01T11:08:49Z,GPS,Horizontal Accuracy,65 Meters,65
338,2019-03-01T11:08:49Z,GPS,Vertical Accuracy,10 Meters,10
339,2019-03-01T11:08:49Z,Acceleration (total),x,-0.017776488,-0.017776488
340,2019-03-01T11:08:49Z,Acceleration (total),y,-0.700057983,-0.700057983
341,2019-03-01T11:08:49Z,Acceleration (total),z,-0.719696045,-0.719696045
342,2019-03-01T11:08:49Z,Gyrometer (smooth),x,0.047287181,0.047287181
343,2019-03-01T11:08:49Z,Gyrometer (smooth),y,-0.057910673,-0.057910673
344,2019-03-01T11:08:49Z,Gyrometer (smooth),z,-0.052354719,-0.052354719
345,2019-03-01T11:08:49Z,GPS,Enabled,Yes,TRUE
346,2019-03-01T11:08:49Z,GPS,Authorisation Status,Authorised When In Use,Authorised When In Use
347,2019-03-01T11:08:49Z,GPS,Latitude,53.34199451,53.34199451
348,2019-03-01T11:08:49Z,GPS,Longitude,-6.253185812,-6.253185812
349,2019-03-01T11:08:49Z,GPS,Speed (estimated),Unknown,-1
350,2019-03-01T11:08:49Z,GPS,Altitude,11.5527296066284 Meters,11.55272961
351,2019-03-01T11:08:49Z,GPS,Floor,No Data,nil
352,2019-03-01T11:08:49Z,GPS,Horizontal Accuracy,65 Meters,65
353,2019-03-01T11:08:49Z,GPS,Vertical Accuracy,10 Meters,10
354,2019-03-01T11:08:49Z,WiFi,Connected SSID,TCDwifi,TCDwifi
355,2019-03-01T11:08:49Z,WiFi,Connected BSSID,E4:AA:5D:92:8B:7E,e4:aa:5d:92:8b:7e
356,2019-03-01T11:08:50Z,Acceleration (total),x,-0.035324097,-0.035324097
357,2019-03-01T11:08:50Z,Acceleration (total),y,-0.737030089,-0.737030089
358,2019-03-01T11:08:50Z,Acceleration (total),z,-0.671066344,-0.671066344
359,2019-03-01T11:08:50Z,Gyrometer (smooth),x,-0.051132895,-0.051132895
360,2019-03-01T11:08:50Z,Gyrometer (smooth),y,0.072742268,0.072742268
361,2019-03-01T11:08:50Z,Gyrometer (smooth),z,-0.029278945,-0.029278945
362,2019-03-01T11:08:50Z,GPS,Enabled,Yes,TRUE
363,2019-03-01T11:08:50Z,GPS,Authorisation Status,Authorised When In Use,Authorised When In Use
364,2019-03-01T11:08:50Z,GPS,Latitude,53.34199404,53.34199404
365,2019-03-01T11:08:50Z,GPS,Longitude,-6.253185819,-6.253185819
366,2019-03-01T11:08:50Z,GPS,Speed (estimated),Unknown,-1
367,2019-03-01T11:08:50Z,GPS,Altitude,11.6704502105713 Meters,11.67045021
368,2019-03-01T11:08:50Z,GPS,Floor,No Data,nil
369,2019-03-01T11:08:50Z,GPS,Horizontal Accuracy,65 Meters,65
370,2019-03-01T11:08:50Z,GPS,Vertical Accuracy,10 Meters,10
371,2019-03-01T11:08:50Z,WiFi,Connected SSID,TCDwifi,TCDwifi
372,2019-03-01T11:08:50Z,WiFi,Connected BSSID,E4:AA:5D:92:8B:7E,e4:aa:5d:92:8b:7e
373,2019-03-01T11:08:50Z,Acceleration (total),x,0.001220703,0.001220703
374,2019-03-01T11:08:50Z,Acceleration (total),y,-0.730285645,-0.730285645
375,2019-03-01T11:08:50Z,Acceleration (total),z,-0.695068359,-0.695068359
376,2019-03-01T11:08:50Z,Gyrometer (smooth),x,-0.083472423,-0.083472423
377,2019-03-01T11:08:50Z,Gyrometer (smooth),y,-0.142986327,-0.142986327
378,2019-03-01T11:08:50Z,Gyrometer (smooth),z,-0.014022008,-0.014022008
379,2019-03-01T11:08:50Z,GPS,Enabled,Yes,TRUE
380,2019-03-01T11:08:50Z,GPS,Authorisation Status,Authorised When In Use,Authorised When In Use
381,2019-03-01T11:08:50Z,GPS,Latitude,53.34199401,53.34199401
382,2019-03-01T11:08:50Z,GPS,Longitude,-6.253185651,-6.253185651
383,2019-03-01T11:08:50Z,GPS,Speed (estimated),Unknown,-1
384,2019-03-01T11:08:50Z,GPS,Altitude,11.7677545547485 Meters,11.76775455
385,2019-03-01T11:08:50Z,GPS,Floor,No Data,nil
386,2019-03-01T11:08:50Z,GPS,Horizontal Accuracy,65 Meters,65
387,2019-03-01T11:08:50Z,GPS,Vertical Accuracy,10 Meters,10
388,2019-03-01T11:08:51Z,GPS,Enabled,Yes,TRUE
389,2019-03-01T11:08:51Z,GPS,Authorisation Status,Authorised When In Use,Authorised When In Use
390,2019-03-01T11:08:51Z,GPS,Latitude,53.341994,53.341994
391,2019-03-01T11:08:51Z,GPS,Longitude,-6.25318561,-6.25318561
392,2019-03-01T11:08:51Z,GPS,Speed (estimated),Unknown,-1
393,2019-03-01T11:08:51Z,GPS,Altitude,11.8217496871948 Meters,11.82174969
394,2019-03-01T11:08:51Z,GPS,Floor,No Data,nil
395,2019-03-01T11:08:51Z,GPS,Horizontal Accuracy,65 Meters,65
396,2019-03-01T11:08:51Z,GPS,Vertical Accuracy,10 Meters,10
397,2019-03-01T11:08:51Z,WiFi,Connected SSID,TCDwifi,TCDwifi
398,2019-03-01T11:08:51Z,WiFi,Connected BSSID,E4:AA:5D:92:8B:7E,e4:aa:5d:92:8b:7e
399,2019-03-01T11:08:51Z,Acceleration (total),x,-0.015640261,-0.015640261
400,2019-03-01T11:08:51Z,Acceleration (total),y,-0.725341737,-0.725341737
401,2019-03-01T11:08:51Z,Acceleration (total),z,-0.688858032,-0.688858032
402,2019-03-01T11:08:51Z,Gyrometer (smooth),x,0.000342401,0.000342401
403,2019-03-01T11:08:51Z,Gyrometer (smooth),y,-0.004904091,-0.004904091
404,2019-03-01T11:08:51Z,Gyrometer (smooth),z,-0.004902494,-0.004902494
405,2019-03-01T11:08:52Z,WiFi,Connected SSID,TCDwifi,TCDwifi
406,2019-03-01T11:08:52Z,WiFi,Connected BSSID,E4:AA:5D:92:8B:7E,e4:aa:5d:92:8b:7e
407,2019-03-01T11:08:52Z,Acceleration (total),x,-0.022003176,-0.022003176
408,2019-03-01T11:08:52Z,Acceleration (total),y,-0.720932007,-0.720932007
409,2019-03-01T11:08:52Z,Acceleration (total),z,-0.682327271,-0.682327271
410,2019-03-01T11:08:52Z,Gyrometer (smooth),x,-0.013571502,-0.013571502
411,2019-03-01T11:08:52Z,Gyrometer (smooth),y,0.010224828,0.010224828
412,2019-03-01T11:08:52Z,Gyrometer (smooth),z,-0.007121098,-0.007121098
413,2019-03-01T11:08:53Z,WiFi,Connected SSID,TCDwifi,TCDwifi
414,2019-03-01T11:08:53Z,WiFi,Connected BSSID,E4:AA:5D:92:8B:7E,e4:aa:5d:92:8b:7e
415,2019-03-01T11:08:53Z,Acceleration (total),x,-0.012954713,-0.012954713
416,2019-03-01T11:08:53Z,Acceleration (total),y,-0.726089478,-0.726089478
417,2019-03-01T11:08:53Z,Acceleration (total),z,-0.687133849,-0.687133849
418,2019-03-01T11:08:53Z,Gyrometer (smooth),x,-0.017067751,-0.017067751
419,2019-03-01T11:08:53Z,Gyrometer (smooth),y,-0.010954451,-0.010954451
420,2019-03-01T11:08:53Z,Gyrometer (smooth),z,0.003568035,0.003568035
421,2019-03-01T11:08:54Z,WiFi,Connected SSID,TCDwifi,TCDwifi
422,2019-03-01T11:08:54Z,WiFi,Connected BSSID,E4:AA:5D:92:8B:7E,e4:aa:5d:92:8b:7e
423,2019-03-01T11:08:54Z,Acceleration (total),x,0.27784729,0.27784729
424,2019-03-01T11:08:54Z,Acceleration (total),y,-0.832214355,-0.832214355
425,2019-03-01T11:08:54Z,Acceleration (total),z,-0.788360655,-0.788360655
426,2019-03-01T11:08:54Z,Gyrometer (smooth),x,0.223218337,0.223218337
427,2019-03-01T11:08:54Z,Gyrometer (smooth),y,-0.216537639,-0.216537639
428,2019-03-01T11:08:54Z,Gyrometer (smooth),z,0.120350927,0.120350927
429,2019-03-01T11:00:32Z,Cell Radio,Radio Access Technology,3G (HSDPA),3G (HSDPA)
430,2019-03-01T11:00:32Z,Cell Radio,Carrier,3 Ireland,3 Ireland
431,2019-03-01T11:00:32Z,GPS,Enabled,Yes,TRUE
432,2019-03-01T11:00:32Z,GPS,Authorisation Status,Authorised When In Use,Authorised When In Use
433,2019-03-01T11:00:32Z,GPS,Latitude,53.34359741,53.34359741
434,2019-03-01T11:00:32Z,GPS,Longitude,-6.250789916,-6.250789916
435,2019-03-01T11:00:32Z,GPS,Speed (estimated),Unknown,-1
436,2019-03-01T11:00:32Z,GPS,Altitude,11.3299655914307 Meters,11.32996559
437,2019-03-01T11:00:32Z,GPS,Floor,2146959360,2146959360
438,2019-03-01T11:00:32Z,GPS,Horizontal Accuracy,65 Meters,65
439,2019-03-01T11:00:32Z,GPS,Vertical Accuracy,10 Meters,10
440,2019-03-01T11:00:32Z,Cell Radio,Radio Access Technology,3G (HSDPA),3G (HSDPA)
441,2019-03-01T11:00:32Z,Cell Radio,Carrier,3 Ireland,3 Ireland
442,2019-03-01T11:00:32Z,GPS,Enabled,Yes,TRUE
443,2019-03-01T11:00:32Z,GPS,Authorisation Status,Authorised When In Use,Authorised When In Use
444,2019-03-01T11:00:32Z,GPS,Latitude,53.34359741,53.34359741
445,2019-03-01T11:00:32Z,GPS,Longitude,-6.250789916,-6.250789916
446,2019-03-01T11:00:32Z,GPS,Speed (estimated),Unknown,-1
447,2019-03-01T11:00:32Z,GPS,Altitude,11.3299655914307 Meters,11.32996559
448,2019-03-01T11:00:32Z,GPS,Floor,2146959360,2146959360
449,2019-03-01T11:00:32Z,GPS,Horizontal Accuracy,65 Meters,65
450,2019-03-01T11:00:32Z,GPS,Vertical Accuracy,10 Meters,10
451,2019-03-01T11:00:32Z,Acceleration (total),x,0.065200806,0.065200806
452,2019-03-01T11:00:32Z,Acceleration (total),y,-0.44406122,-0.44406122
453,2019-03-01T11:00:32Z,Acceleration (total),z,-0.893447876,-0.893447876
454,2019-03-01T11:00:32Z,Gyrometer (smooth),x,0.647755682,0.647755682
455,2019-03-01T11:00:32Z,Gyrometer (smooth),y,-0.421925306,-0.421925306
456,2019-03-01T11:00:32Z,Gyrometer (smooth),z,-0.004370108,-0.004370108
457,2019-03-01T11:00:33Z,GPS,Enabled,Yes,TRUE
458,2019-03-01T11:00:33Z,GPS,Authorisation Status,Authorised When In Use,Authorised When In Use
459,2019-03-01T11:00:33Z,GPS,Latitude,53.3436337,53.3436337
460,2019-03-01T11:00:33Z,GPS,Longitude,-6.250790743,-6.250790743
461,2019-03-01T11:00:33Z,GPS,Speed (estimated),Unknown,-1
462,2019-03-01T11:00:33Z,GPS,Altitude,11.2791748046875 Meters,11.2791748
463,2019-03-01T11:00:33Z,GPS,Floor,No Data,nil
464,2019-03-01T11:00:33Z,GPS,Horizontal Accuracy,65 Meters,65
465,2019-03-01T11:00:33Z,GPS,Vertical Accuracy,10 Meters,10
466,2019-03-01T11:00:33Z,GPS,Enabled,Yes,TRUE
467,2019-03-01T11:00:33Z,GPS,Authorisation Status,Authorised When In Use,Authorised When In Use
468,2019-03-01T11:00:33Z,GPS,Latitude,53.34364101,53.34364101
469,2019-03-01T11:00:33Z,GPS,Longitude,-6.250785906,-6.250785906
470,2019-03-01T11:00:33Z,GPS,Speed (estimated),Unknown,-1
471,2019-03-01T11:00:33Z,GPS,Altitude,11.2464113235474 Meters,11.24641132
472,2019-03-01T11:00:33Z,GPS,Floor,No Data,nil
473,2019-03-01T11:00:33Z,GPS,Horizontal Accuracy,65 Meters,65
474,2019-03-01T11:00:33Z,GPS,Vertical Accuracy,10 Meters,10
475,2019-03-01T11:00:33Z,WiFi,Connected SSID,TCDwifi,TCDwifi
476,2019-03-01T11:00:33Z,WiFi,Connected BSSID,54:A2:74:ED:E5:51,54:a2:74:ed:e5:51
477,2019-03-01T11:00:33Z,Acceleration (total),x,0.148178104,0.148178104
478,2019-03-01T11:00:33Z,Acceleration (total),y,-0.632385254,-0.632385254
479,2019-03-01T11:00:33Z,Acceleration (total),z,-0.888427794,-0.888427794
480,2019-03-01T11:00:33Z,Gyrometer (smooth),x,-0.092235051,-0.092235051
481,2019-03-01T11:00:33Z,Gyrometer (smooth),y,0.057475932,0.057475932
482,2019-03-01T11:00:33Z,Gyrometer (smooth),z,-0.391223043,-0.391223043
483,2019-03-01T11:00:34Z,GPS,Enabled,Yes,TRUE
484,2019-03-01T11:00:34Z,GPS,Authorisation Status,Authorised When In Use,Authorised When In Use
485,2019-03-01T11:00:34Z,GPS,Latitude,53.34364296,53.34364296
486,2019-03-01T11:00:34Z,GPS,Longitude,-6.250784564,-6.250784564
487,2019-03-01T11:00:34Z,GPS,Speed (estimated),Unknown,-1
488,2019-03-01T11:00:34Z,GPS,Altitude,11.2158041000366 Meters,11.2158041
489,2019-03-01T11:00:34Z,GPS,Floor,No Data,nil
490,2019-03-01T11:00:34Z,GPS,Horizontal Accuracy,65 Meters,65
491,2019-03-01T11:00:34Z,GPS,Vertical Accuracy,10 Meters,10
492,2019-03-01T11:00:34Z,Acceleration (total),x,0.915420532,0.915420532
493,2019-03-01T11:00:34Z,Acceleration (total),y,0.074234009,0.074234009
494,2019-03-01T11:00:34Z,Acceleration (total),z,-0.584060669,-0.584060669
495,2019-03-01T11:00:34Z,Gyrometer (smooth),x,0.453594178,0.453594178
496,2019-03-01T11:00:34Z,Gyrometer (smooth),y,0.182008803,0.182008803
497,2019-03-01T11:00:34Z,Gyrometer (smooth),z,-1.473334908,-1.473334908
498,2019-03-01T11:00:34Z,WiFi,Connected SSID,TCDwifi,TCDwifi
499,2019-03-01T11:00:34Z,WiFi,Connected BSSID,54:A2:74:ED:E5:51,54:a2:74:ed:e5:51
500,2019-03-01T11:00:35Z,GPS,Enabled,Yes,TRUE
501,2019-03-01T11:00:35Z,GPS,Authorisation Status,Authorised When In Use,Authorised When In Use
502,2019-03-01T11:00:35Z,GPS,Latitude,53.3435203,53.3435203
503,2019-03-01T11:00:35Z,GPS,Longitude,-6.250834716,-6.250834716
504,2019-03-01T11:00:35Z,GPS,Speed (estimated),2.8199999332428 m/s,2.819999933
505,2019-03-01T11:00:35Z,GPS,Altitude,11.9670066833496 Meters,11.96700668
506,2019-03-01T11:00:35Z,GPS,Floor,No Data,nil
507,2019-03-01T11:00:35Z,GPS,Horizontal Accuracy,50 Meters,50
508,2019-03-01T11:00:35Z,GPS,Vertical Accuracy,64 Meters,64
509,2019-03-01T11:00:35Z,Acceleration (total),x,0.764556944,0.764556944
510,2019-03-01T11:00:35Z,Acceleration (total),y,1.286437988,1.286437988
511,2019-03-01T11:00:35Z,Acceleration (total),z,-0.785980195,-0.785980195
512,2019-03-01T11:00:35Z,Gyrometer (smooth),x,-0.428168744,-0.428168744
513,2019-03-01T11:00:35Z,Gyrometer (smooth),y,-0.137037486,-0.137037486
514,2019-03-01T11:00:35Z,Gyrometer (smooth),z,-1.868198872,-1.868198872
515,2019-03-01T11:00:35Z,GPS,Enabled,Yes,TRUE
516,2019-03-01T11:00:35Z,GPS,Authorisation Status,Authorised When In Use,Authorised When In Use
517,2019-03-01T11:00:35Z,GPS,Latitude,53.34354,53.34354
518,2019-03-01T11:00:35Z,GPS,Longitude,-6.250863047,-6.250863047
519,2019-03-01T11:00:35Z,GPS,Speed (estimated),2.8199999332428 m/s,2.819999933
520,2019-03-01T11:00:35Z,GPS,Altitude,12.1520042419434 Meters,12.15200424
521,2019-03-01T11:00:35Z,GPS,Floor,No Data,nil
522,2019-03-01T11:00:35Z,GPS,Horizontal Accuracy,50 Meters,50
523,2019-03-01T11:00:35Z,GPS,Vertical Accuracy,64 Meters,64
524,2019-03-01T11:00:35Z,WiFi,Connected SSID,TCDwifi,TCDwifi
525,2019-03-01T11:00:35Z,WiFi,Connected BSSID,54:A2:74:ED:E5:51,54:a2:74:ed:e5:51
526,2019-03-01T11:00:36Z,Acceleration (total),x,0.463104248,0.463104248
527,2019-03-01T11:00:36Z,Acceleration (total),y,0.993453979,0.993453979
528,2019-03-01T11:00:36Z,Acceleration (total),z,-0.570877075,-0.570877075
529,2019-03-01T11:00:36Z,Gyrometer (smooth),x,1.808990359,1.808990359
530,2019-03-01T11:00:36Z,Gyrometer (smooth),y,0.209309563,0.209309563
531,2019-03-01T11:00:36Z,Gyrometer (smooth),z,-0.175448552,-0.175448552
532,2019-03-01T11:00:36Z,GPS,Enabled,Yes,TRUE
533,2019-03-01T11:00:36Z,GPS,Authorisation Status,Authorised When In Use,Authorised When In Use
534,2019-03-01T11:00:36Z,GPS,Latitude,53.34346041,53.34346041
535,2019-03-01T11:00:36Z,GPS,Longitude,-6.250751317,-6.250751317
536,2019-03-01T11:00:36Z,GPS,Speed (estimated),2.8199999332428 m/s,2.819999933
537,2019-03-01T11:00:36Z,GPS,Altitude,14.4594383239746 Meters,14.45943832
538,2019-03-01T11:00:36Z,GPS,Floor,No Data,nil
539,2019-03-01T11:00:36Z,GPS,Horizontal Accuracy,30 Meters,30
540,2019-03-01T11:00:36Z,GPS,Vertical Accuracy,24 Meters,24
541,2019-03-01T11:00:36Z,WiFi,Connected SSID,TCDwifi,TCDwifi
542,2019-03-01T11:00:36Z,WiFi,Connected BSSID,54:A2:74:ED:E5:51,54:a2:74:ed:e5:51
543,2019-03-01T11:00:37Z,Acceleration (total),x,0.886795044,0.886795044
544,2019-03-01T11:00:37Z,Acceleration (total),y,0.485519409,0.485519409
545,2019-03-01T11:00:37Z,Acceleration (total),z,0.185150206,0.185150206
546,2019-03-01T11:00:37Z,Gyrometer (smooth),x,-1.086442471,-1.086442471
547,2019-03-01T11:00:37Z,Gyrometer (smooth),y,1.852978945,1.852978945
548,2019-03-01T11:00:37Z,Gyrometer (smooth),z,1.973623753,1.973623753
549,2019-03-01T11:00:39Z,WiFi,Connected SSID,TCDwifi,TCDwifi
550,2019-03-01T11:00:39Z,WiFi,Connected BSSID,5C:83:8F:D7:E0:21,5c:83:8f:d7:e0:21
551,2019-03-01T11:00:39Z,GPS,Enabled,Yes,TRUE
552,2019-03-01T11:00:39Z,GPS,Authorisation Status,Authorised When In Use,Authorised When In Use
553,2019-03-01T11:00:39Z,GPS,Latitude,53.34337253,53.34337253
554,2019-03-01T11:00:39Z,GPS,Longitude,-6.250652326,-6.250652326
555,2019-03-01T11:00:39Z,GPS,Speed (estimated),2.25999999046326 m/s,2.25999999
556,2019-03-01T11:00:39Z,GPS,Altitude,13.1919822692871 Meters,13.19198227
557,2019-03-01T11:00:39Z,GPS,Floor,No Data,nil
558,2019-03-01T11:00:39Z,GPS,Horizontal Accuracy,30 Meters,30
559,2019-03-01T11:00:39Z,GPS,Vertical Accuracy,16 Meters,16
560,2019-03-01T11:00:39Z,Acceleration (total),x,1.1481933,1.1481933
561,2019-03-01T11:00:39Z,Acceleration (total),y,0.011917099,0.011917099
562,2019-03-01T11:00:39Z,Acceleration (total),z,0.102111816,0.102111816
563,2019-03-01T11:00:39Z,Gyrometer (smooth),x,0.785328388,0.785328388
564,2019-03-01T11:00:39Z,Gyrometer (smooth),y,-2.809120893,-2.809120893
565,2019-03-01T11:00:39Z,Gyrometer (smooth),z,0.868763208,0.868763208
566,2019-03-01T11:00:39Z,Acceleration (total),x,0.701461792,0.701461792
567,2019-03-01T11:00:39Z,Acceleration (total),y,0.021484356,0.021484356
568,2019-03-01T11:00:39Z,Acceleration (total),z,0.055099517,0.055099517
569,2019-03-01T11:00:39Z,Gyrometer (smooth),x,0.711917281,0.711917281
570,2019-03-01T11:00:39Z,Gyrometer (smooth),y,1.754282475,1.754282475
571,2019-03-01T11:00:39Z,Gyrometer (smooth),z,0.134156898,0.134156898
572,2019-03-01T11:00:39Z,GPS,Enabled,Yes,TRUE
573,2019-03-01T11:00:39Z,GPS,Authorisation Status,Authorised When In Use,Authorised When In Use
574,2019-03-01T11:00:39Z,GPS,Latitude,53.34347479,53.34347479
575,2019-03-01T11:00:39Z,GPS,Longitude,-6.250660038,-6.250660038
576,2019-03-01T11:00:39Z,GPS,Speed (estimated),1.5 m/s,1.5
577,2019-03-01T11:00:39Z,GPS,Altitude,24.5079002380371 Meters,24.50790024
578,2019-03-01T11:00:39Z,GPS,Floor,No Data,nil
579,2019-03-01T11:00:39Z,GPS,Horizontal Accuracy,30 Meters,30
580,2019-03-01T11:00:39Z,GPS,Vertical Accuracy,24 Meters,24
581,2019-03-01T11:00:39Z,GPS,Enabled,Yes,TRUE
582,2019-03-01T11:00:39Z,GPS,Authorisation Status,Authorised When In Use,Authorised When In Use
583,2019-03-01T11:00:39Z,GPS,Latitude,53.3436568,53.3436568
584,2019-03-01T11:00:39Z,GPS,Longitude,-6.250701696,-6.250701696
585,2019-03-01T11:00:39Z,GPS,Speed (estimated),1.13999998569489 m/s,1.139999986
586,2019-03-01T11:00:39Z,GPS,Altitude,24.5727806091309 Meters,24.57278061
587,2019-03-01T11:00:39Z,GPS,Floor,No Data,nil
588,2019-03-01T11:00:39Z,GPS,Horizontal Accuracy,30 Meters,30
589,2019-03-01T11:00:39Z,GPS,Vertical Accuracy,16 Meters,16
590,2019-03-01T11:00:39Z,WiFi,Connected SSID,TCDwifi,TCDwifi
591,2019-03-01T11:00:39Z,WiFi,Connected BSSID,5C:83:8F:D7:E0:21,5c:83:8f:d7:e0:21
592,2019-03-01T11:00:40Z,Acceleration (total),x,1.170761108,1.170761108
593,2019-03-01T11:00:40Z,Acceleration (total),y,-0.379302979,-0.379302979
594,2019-03-01T11:00:40Z,Acceleration (total),z,-0.256164543,-0.256164543
595,2019-03-01T11:00:40Z,Gyrometer (smooth),x,0.364874601,0.364874601
596,2019-03-01T11:00:40Z,Gyrometer (smooth),y,-1.814516425,-1.814516425
597,2019-03-01T11:00:40Z,Gyrometer (smooth),z,-1.004422784,-1.004422784
598,2019-03-01T11:00:40Z,WiFi,Connected SSID,TCDwifi,TCDwifi
599,2019-03-01T11:00:40Z,WiFi,Connected BSSID,5C:83:8F:D7:E0:21,5c:83:8f:d7:e0:21
600,2019-03-01T11:00:40Z,GPS,Enabled,Yes,TRUE
601,2019-03-01T11:00:40Z,GPS,Authorisation Status,Authorised When In Use,Authorised When In Use
602,2019-03-01T11:00:40Z,GPS,Latitude,53.34376182,53.34376182
603,2019-03-01T11:00:40Z,GPS,Longitude,-6.250786856,-6.250786856
604,2019-03-01T11:00:40Z,GPS,Speed (estimated),1.13999998569489 m/s,1.139999986
605,2019-03-01T11:00:40Z,GPS,Altitude,26.0838890075684 Meters,26.08388901
606,2019-03-01T11:00:40Z,GPS,Floor,No Data,nil
607,2019-03-01T11:00:40Z,GPS,Horizontal Accuracy,30 Meters,30
608,2019-03-01T11:00:40Z,GPS,Vertical Accuracy,16 Meters,16
609,2019-03-01T11:00:41Z,Acceleration (total),x,0.84741205,0.84741205
610,2019-03-01T11:00:41Z,Acceleration (total),y,0.253036514,0.253036514
611,2019-03-01T11:00:41Z,Acceleration (total),z,0.35182187,0.35182187
612,2019-03-01T11:00:41Z,Gyrometer (smooth),x,-1.476731062,-1.476731062
613,2019-03-01T11:00:41Z,Gyrometer (smooth),y,-1.532482862,-1.532482862
614,2019-03-01T11:00:41Z,Gyrometer (smooth),z,0.595116735,0.595116735
615,2019-03-01T11:00:41Z,GPS,Enabled,Yes,TRUE
616,2019-03-01T11:00:41Z,GPS,Authorisation Status,Authorised When In Use,Authorised When In Use
617,2019-03-01T11:00:41Z,GPS,Latitude,53.34369607,53.34369607
618,2019-03-01T11:00:41Z,GPS,Longitude,-6.250763638,-6.250763638
619,2019-03-01T11:00:41Z,GPS,Speed (estimated),1.13999998569489 m/s,1.139999986
620,2019-03-01T11:00:41Z,GPS,Altitude,30.8022727966309 Meters,30.8022728
621,2019-03-01T11:00:41Z,GPS,Floor,No Data,nil
622,2019-03-01T11:00:41Z,GPS,Horizontal Accuracy,30 Meters,30
623,2019-03-01T11:00:41Z,GPS,Vertical Accuracy,24 Meters,24
624,2019-03-01T11:00:41Z,WiFi,Connected SSID,TCDwifi,TCDwifi
625,2019-03-01T11:00:41Z,WiFi,Connected BSSID,5C:83:8F:D7:E0:21,5c:83:8f:d7:e0:21
626,2019-03-01T11:00:42Z,Acceleration (total),x,0.19883728,0.19883728
627,2019-03-01T11:00:42Z,Acceleration (total),y,0.38684082,0.38684082
628,2019-03-01T11:00:42Z,Acceleration (total),z,0.179977506,0.179977506
629,2019-03-01T11:00:42Z,Gyrometer (smooth),x,0.41881156,0.41881156
630,2019-03-01T11:00:42Z,Gyrometer (smooth),y,-0.511900961,-0.511900961
631,2019-03-01T11:00:42Z,Gyrometer (smooth),z,0.630415618,0.630415618
632,2019-03-01T11:00:42Z,GPS,Enabled,Yes,TRUE
633,2019-03-01T11:00:42Z,GPS,Authorisation Status,Authorised When In Use,Authorised When In Use
634,2019-03-01T11:00:42Z,GPS,Latitude,53.34360429,53.34360429
635,2019-03-01T11:00:42Z,GPS,Longitude,-6.250674287,-6.250674287
636,2019-03-01T11:00:42Z,GPS,Speed (estimated),0.850000023841858 m/s,0.850000024
637,2019-03-01T11:00:42Z,GPS,Altitude,32.8653221130371 Meters,32.86532211
638,2019-03-01T11:00:42Z,GPS,Floor,No Data,nil
639,2019-03-01T11:00:42Z,GPS,Horizontal Accuracy,10 Meters,10
640,2019-03-01T11:00:42Z,GPS,Vertical Accuracy,16 Meters,16
641,2019-03-01T11:00:42Z,WiFi,Connected SSID,TCDwifi,TCDwifi
642,2019-03-01T11:00:42Z,WiFi,Connected BSSID,5C:83:8F:D7:E0:21,5c:83:8f:d7:e0:21
643,2019-03-01T11:00:42Z,Acceleration (total),x,0.861129761,0.861129761
644,2019-03-01T11:00:42Z,Acceleration (total),y,1.069625854,1.069625854
645,2019-03-01T11:00:42Z,Acceleration (total),z,-0.677276632,-0.677276632
646,2019-03-01T11:00:42Z,Gyrometer (smooth),x,1.926291466,1.926291466
647,2019-03-01T11:00:42Z,Gyrometer (smooth),y,1.791059375,1.791059375
648,2019-03-01T11:00:42Z,Gyrometer (smooth),z,-1.851176858,-1.851176858
649,2019-03-01T11:00:43Z,GPS,Enabled,Yes,TRUE
650,2019-03-01T11:00:43Z,GPS,Authorisation Status,Authorised When In Use,Authorised When In Use
651,2019-03-01T11:00:43Z,GPS,Latitude,53.34356196,53.34356196
652,2019-03-01T11:00:43Z,GPS,Longitude,-6.250611926,-6.250611926
653,2019-03-01T11:00:43Z,GPS,Speed (estimated),0.280000001192093 m/s,0.280000001
654,2019-03-01T11:00:43Z,GPS,Altitude,31.0819969177246 Meters,31.08199692
655,2019-03-01T11:00:43Z,GPS,Floor,No Data,nil
656,2019-03-01T11:00:43Z,GPS,Horizontal Accuracy,10 Meters,10
657,2019-03-01T11:00:43Z,GPS,Vertical Accuracy,16 Meters,16
658,2019-03-01T11:00:43Z,Acceleration (total),x,1.379425049,1.379425049
659,2019-03-01T11:00:43Z,Acceleration (total),y,0.090408325,0.090408325
660,2019-03-01T11:00:43Z,Acceleration (total),z,-0.585494995,-0.585494995
661,2019-03-01T11:00:43Z,Gyrometer (smooth),x,3.012213945,3.012213945
662,2019-03-01T11:00:43Z,Gyrometer (smooth),y,2.007223845,2.007223845
663,2019-03-01T11:00:43Z,Gyrometer (smooth),z,-0.14976564,-0.14976564
664,2019-03-01T11:00:43Z,WiFi,Connected SSID,TCDwifi,TCDwifi
665,2019-03-01T11:00:43Z,WiFi,Connected BSSID,5C:83:8F:D7:E0:21,5c:83:8f:d7:e0:21
666,2019-03-01T11:08:48Z,GPS,Enabled,Yes,TRUE
667,2019-03-01T11:08:48Z,GPS,Authorisation Status,Authorised When In Use,Authorised When In Use
668,2019-03-01T11:08:48Z,GPS,Latitude,53.34349612,53.34349612
669,2019-03-01T11:08:48Z,GPS,Longitude,-6.250580326,-6.250580326
670,2019-03-01T11:08:48Z,GPS,Speed (estimated),0.230000004172325 m/s,0.230000004
671,2019-03-01T11:08:48Z,GPS,Altitude,33.9085960388184 Meters,33.90859604
672,2019-03-01T11:08:48Z,GPS,Floor,No Data,nil
673,2019-03-01T11:08:48Z,GPS,Horizontal Accuracy,25 Meters,25
674,2019-03-01T11:08:48Z,GPS,Vertical Accuracy,16 Meters,16
675,2019-03-01T11:08:48Z,Acceleration (total),x,0.590606689,0.590606689
676,2019-03-01T11:08:48Z,Acceleration (total),y,0.28433229,0.28433229
677,2019-03-01T11:08:48Z,Acceleration (total),z,0.580337584,0.580337584
678,2019-03-01T11:08:48Z,Gyrometer (smooth),x,-0.092808016,-0.092808016
679,2019-03-01T11:08:48Z,Gyrometer (smooth),y,-1.687773347,-1.687773347
680,2019-03-01T11:08:48Z,Gyrometer (smooth),z,-0.427519113,-0.427519113
681,2019-03-01T11:08:48Z,WiFi,Connected SSID,TCDwifi,TCDwifi
682,2019-03-01T11:08:48Z,WiFi,Connected BSSID,E4:AA:5D:92:8B:7E,e4:aa:5d:92:8b:7e
683,2019-03-01T11:08:48Z,Acceleration (total),x,1.543136597,1.543136597
684,2019-03-01T11:08:48Z,Acceleration (total),y,0.083251983,0.083251983
685,2019-03-01T11:08:48Z,Acceleration (total),z,-0.093170166,-0.093170166
686,2019-03-01T11:08:48Z,Gyrometer (smooth),x,-0.094859183,-0.094859183
687,2019-03-01T11:08:48Z,Gyrometer (smooth),y,-1.942295909,-1.942295909
688,2019-03-01T11:08:48Z,Gyrometer (smooth),z,-1.287757397,-1.287757397
689,2019-03-01T11:08:48Z,Acceleration (total),x,-0.026931792,-0.026931792
690,2019-03-01T11:08:48Z,Acceleration (total),y,-0.643630981,-0.643630981
691,2019-03-01T11:08:48Z,Acceleration (total),z,-0.778198242,-0.778198242
692,2019-03-01T11:08:48Z,Gyrometer (smooth),x,0.015035891,0.015035891
693,2019-03-01T11:08:48Z,Gyrometer (smooth),y,-0.015624274,-0.015624274
694,2019-03-01T11:08:48Z,Gyrometer (smooth),z,-0.012418859,-0.012418859
695,2019-03-01T11:08:48Z,GPS,Enabled,Yes,TRUE
696,2019-03-01T11:08:48Z,GPS,Authorisation Status,Authorised When In Use,Authorised When In Use
697,2019-03-01T11:08:48Z,GPS,Latitude,53.34199323,53.34199323
698,2019-03-01T11:08:48Z,GPS,Longitude,-6.253181268,-6.253181268
699,2019-03-01T11:08:48Z,GPS,Speed (estimated),Unknown,-1
700,2019-03-01T11:08:48Z,GPS,Altitude,10.6196117401123 Meters,10.61961174
701,2019-03-01T11:08:48Z,GPS,Floor,No Data,nil
702,2019-03-01T11:08:48Z,GPS,Horizontal Accuracy,65 Meters,65
703,2019-03-01T11:08:48Z,GPS,Vertical Accuracy,10 Meters,10
704,2019-03-01T11:08:48Z,GPS,Enabled,Yes,TRUE
705,2019-03-01T11:08:48Z,GPS,Authorisation Status,Authorised When In Use,Authorised When In Use
706,2019-03-01T11:08:48Z,GPS,Latitude,53.34199323,53.34199323
707,2019-03-01T11:08:48Z,GPS,Longitude,-6.253181268,-6.253181268
708,2019-03-01T11:08:48Z,GPS,Speed (estimated),Unknown,-1
709,2019-03-01T11:08:48Z,GPS,Altitude,10.6196117401123 Meters,10.61961174
710,2019-03-01T11:08:48Z,GPS,Floor,No Data,nil
711,2019-03-01T11:08:48Z,GPS,Horizontal Accuracy,65 Meters,65
712,2019-03-01T11:08:48Z,GPS,Vertical Accuracy,10 Meters,10
713,2019-03-01T11:08:48Z,GPS,Enabled,Yes,TRUE
714,2019-03-01T11:08:48Z,GPS,Authorisation Status,Authorised When In Use,Authorised When In Use
715,2019-03-01T11:08:48Z,GPS,Latitude,53.34201257,53.34201257
716,2019-03-01T11:08:48Z,GPS,Longitude,-6.253180904,-6.253180904
717,2019-03-01T11:08:48Z,GPS,Speed (estimated),Unknown,-1
718,2019-03-01T11:08:48Z,GPS,Altitude,10.6196117401123 Meters,10.61961174
719,2019-03-01T11:08:48Z,GPS,Floor,No Data,nil
720,2019-03-01T11:08:48Z,GPS,Horizontal Accuracy,306.735796133427 Meters,306.7357961
721,2019-03-01T11:08:48Z,GPS,Vertical Accuracy,10 Meters,10
722,2019-03-01T11:08:48Z,WiFi,Connected SSID,TCDwifi,TCDwifi
723,2019-03-01T11:08:48Z,WiFi,Connected BSSID,E4:AA:5D:92:8B:7E,e4:aa:5d:92:8b:7e
724,2019-03-01T11:08:48Z,Cell Radio,Radio Access Technology,4G (LTE),4G (LTE)
725,2019-03-01T11:08:48Z,Cell Radio,Carrier,3 Ireland,3 Ireland
726,2019-03-01T11:08:48Z,Cell Radio,Radio Access Technology,4G (LTE),4G (LTE)
727,2019-03-01T11:08:48Z,Cell Radio,Carrier,3 Ireland,3 Ireland
728,2019-03-01T11:08:48Z,Cell Radio,Radio Access Technology,4G (LTE),4G (LTE)
729,2019-03-01T11:08:48Z,Cell Radio,Carrier,3 Ireland,3 Ireland
730,2019-03-01T11:08:48Z,Cell Radio,Radio Access Technology,4G (LTE),4G (LTE)
731,2019-03-01T11:08:48Z,Cell Radio,Carrier,3 Ireland,3 Ireland
732,2019-03-01T11:08:48Z,GPS,Enabled,Yes,TRUE
733,2019-03-01T11:08:48Z,GPS,Authorisation Status,Authorised When In Use,Authorised When In Use
734,2019-03-01T11:08:48Z,GPS,Latitude,53.34201274,53.34201274
735,2019-03-01T11:08:48Z,GPS,Longitude,-6.253180901,-6.253180901
736,2019-03-01T11:08:48Z,GPS,Speed (estimated),Unknown,-1
737,2019-03-01T11:08:48Z,GPS,Altitude,10.6196117401123 Meters,10.61961174
738,2019-03-01T11:08:48Z,GPS,Floor,No Data,nil
739,2019-03-01T11:08:48Z,GPS,Horizontal Accuracy,306.761171491787 Meters,306.7611715
740,2019-03-01T11:08:48Z,GPS,Vertical Accuracy,10 Meters,10
741,2019-03-01T11:08:48Z,GPS,Enabled,Yes,TRUE
742,2019-03-01T11:08:48Z,GPS,Authorisation Status,Authorised When In Use,Authorised When In Use
743,2019-03-01T11:08:48Z,GPS,Latitude,53.34201289,53.34201289
744,2019-03-01T11:08:48Z,GPS,Longitude,-6.253180898,-6.253180898
745,2019-03-01T11:08:48Z,GPS,Speed (estimated),Unknown,-1
746,2019-03-01T11:08:48Z,GPS,Altitude,10.6196117401123 Meters,10.61961174
747,2019-03-01T11:08:48Z,GPS,Floor,No Data,nil
748,2019-03-01T11:08:48Z,GPS,Horizontal Accuracy,306.779264370053 Meters,306.7792644
749,2019-03-01T11:08:48Z,GPS,Vertical Accuracy,10 Meters,10
750,2019-03-01T11:08:48Z,GPS,Enabled,Yes,TRUE
751,2019-03-01T11:08:48Z,GPS,Authorisation Status,Authorised When In Use,Authorised When In Use
752,2019-03-01T11:08:48Z,GPS,Latitude,53.34201289,53.34201289
753,2019-03-01T11:08:48Z,GPS,Longitude,-6.253180898,-6.253180898
754,2019-03-01T11:08:48Z,GPS,Speed (estimated),Unknown,-1
755,2019-03-01T11:08:48Z,GPS,Altitude,10.6196117401123 Meters,10.61961174
756,2019-03-01T11:08:48Z,GPS,Floor,No Data,nil
757,2019-03-01T11:08:48Z,GPS,Horizontal Accuracy,306.77926867115 Meters,306.7792687
758,2019-03-01T11:08:48Z,GPS,Vertical Accuracy,10 Meters,10
759,2019-03-01T11:08:49Z,GPS,Enabled,Yes,TRUE
760,2019-03-01T11:08:49Z,GPS,Authorisation Status,Authorised When In Use,Authorised When In Use
761,2019-03-01T11:08:49Z,GPS,Latitude,53.34199449,53.34199449
762,2019-03-01T11:08:49Z,GPS,Longitude,-6.253185797,-6.253185797
763,2019-03-01T11:08:49Z,GPS,Speed (estimated),Unknown,-1
764,2019-03-01T11:08:49Z,GPS,Altitude,11.3288335800171 Meters,11.32883358
765,2019-03-01T11:08:49Z,GPS,Floor,No Data,nil
766,2019-03-01T11:08:49Z,GPS,Horizontal Accuracy,65 Meters,65
767,2019-03-01T11:08:49Z,GPS,Vertical Accuracy,10 Meters,10
768,2019-03-01T11:08:49Z,Acceleration (total),x,-0.017776488,-0.017776488
769,2019-03-01T11:08:49Z,Acceleration (total),y,-0.700057983,-0.700057983
770,2019-03-01T11:08:49Z,Acceleration (total),z,-0.719696045,-0.719696045
771,2019-03-01T11:08:49Z,Gyrometer (smooth),x,0.047287181,0.047287181
772,2019-03-01T11:08:49Z,Gyrometer (smooth),y,-0.057910673,-0.057910673
773,2019-03-01T11:08:49Z,Gyrometer (smooth),z,-0.052354719,-0.052354719
774,2019-03-01T11:08:49Z,GPS,Enabled,Yes,TRUE
775,2019-03-01T11:08:49Z,GPS,Authorisation Status,Authorised When In Use,Authorised When In Use
776,2019-03-01T11:08:49Z,GPS,Latitude,53.34199451,53.34199451
777,2019-03-01T11:08:49Z,GPS,Longitude,-6.253185812,-6.253185812
778,2019-03-01T11:08:49Z,GPS,Speed (estimated),Unknown,-1
779,2019-03-01T11:08:49Z,GPS,Altitude,11.5527296066284 Meters,11.55272961
780,2019-03-01T11:08:49Z,GPS,Floor,No Data,nil
781,2019-03-01T11:08:49Z,GPS,Horizontal Accuracy,65 Meters,65
782,2019-03-01T11:08:49Z,GPS,Vertical Accuracy,10 Meters,10
783,2019-03-01T11:08:49Z,WiFi,Connected SSID,TCDwifi,TCDwifi
784,2019-03-01T11:08:49Z,WiFi,Connected BSSID,E4:AA:5D:92:8B:7E,e4:aa:5d:92:8b:7e
785,2019-03-01T11:08:50Z,Acceleration (total),x,-0.035324097,-0.035324097
786,2019-03-01T11:08:50Z,Acceleration (total),y,-0.737030089,-0.737030089
787,2019-03-01T11:08:50Z,Acceleration (total),z,-0.671066344,-0.671066344
788,2019-03-01T11:08:50Z,Gyrometer (smooth),x,-0.051132895,-0.051132895
789,2019-03-01T11:08:50Z,Gyrometer (smooth),y,0.072742268,0.072742268
790,2019-03-01T11:08:50Z,Gyrometer (smooth),z,-0.029278945,-0.029278945
791,2019-03-01T11:08:50Z,GPS,Enabled,Yes,TRUE
792,2019-03-01T11:08:50Z,GPS,Authorisation Status,Authorised When In Use,Authorised When In Use
793,2019-03-01T11:08:50Z,GPS,Latitude,53.34199404,53.34199404
794,2019-03-01T11:08:50Z,GPS,Longitude,-6.253185819,-6.253185819
795,2019-03-01T11:08:50Z,GPS,Speed (estimated),Unknown,-1
796,2019-03-01T11:08:50Z,GPS,Altitude,11.6704502105713 Meters,11.67045021
797,2019-03-01T11:08:50Z,GPS,Floor,No Data,nil
798,2019-03-01T11:08:50Z,GPS,Horizontal Accuracy,65 Meters,65
799,2019-03-01T11:08:50Z,GPS,Vertical Accuracy,10 Meters,10
800,2019-03-01T11:08:50Z,WiFi,Connected SSID,TCDwifi,TCDwifi
801,2019-03-01T11:08:50Z,WiFi,Connected BSSID,E4:AA:5D:92:8B:7E,e4:aa:5d:92:8b:7e
802,2019-03-01T11:08:50Z,Acceleration (total),x,0.001220703,0.001220703
803,2019-03-01T11:08:50Z,Acceleration (total),y,-0.730285645,-0.730285645
804,2019-03-01T11:08:50Z,Acceleration (total),z,-0.695068359,-0.695068359
805,2019-03-01T11:08:50Z,Gyrometer (smooth),x,-0.083472423,-0.083472423
806,2019-03-01T11:08:50Z,Gyrometer (smooth),y,-0.142986327,-0.142986327
807,2019-03-01T11:08:50Z,Gyrometer (smooth),z,-0.014022008,-0.014022008
808,2019-03-01T11:08:50Z,GPS,Enabled,Yes,TRUE
809,2019-03-01T11:08:50Z,GPS,Authorisation Status,Authorised When In Use,Authorised When In Use
810,2019-03-01T11:08:50Z,GPS,Latitude,53.34199401,53.34199401
811,2019-03-01T11:08:50Z,GPS,Longitude,-6.253185651,-6.253185651
812,2019-03-01T11:08:50Z,GPS,Speed (estimated),Unknown,-1
813,2019-03-01T11:08:50Z,GPS,Altitude,11.7677545547485 Meters,11.76775455
814,2019-03-01T11:08:50Z,GPS,Floor,No Data,nil
815,2019-03-01T11:08:50Z,GPS,Horizontal Accuracy,65 Meters,65
816,2019-03-01T11:08:50Z,GPS,Vertical Accuracy,10 Meters,10
817,2019-03-01T11:08:51Z,GPS,Enabled,Yes,TRUE
818,2019-03-01T11:08:51Z,GPS,Authorisation Status,Authorised When In Use,Authorised When In Use
819,2019-03-01T11:08:51Z,GPS,Latitude,53.341994,53.341994
820,2019-03-01T11:08:51Z,GPS,Longitude,-6.25318561,-6.25318561
821,2019-03-01T11:08:51Z,GPS,Speed (estimated),Unknown,-1
822,2019-03-01T11:08:51Z,GPS,Altitude,11.8217496871948 Meters,11.82174969
823,2019-03-01T11:08:51Z,GPS,Floor,No Data,nil
824,2019-03-01T11:08:51Z,GPS,Horizontal Accuracy,65 Meters,65
825,2019-03-01T11:08:51Z,GPS,Vertical Accuracy,10 Meters,10
826,2019-03-01T11:08:51Z,WiFi,Connected SSID,TCDwifi,TCDwifi
827,2019-03-01T11:08:51Z,WiFi,Connected BSSID,E4:AA:5D:92:8B:7E,e4:aa:5d:92:8b:7e
828,2019-03-01T11:08:51Z,Acceleration (total),x,-0.015640261,-0.015640261
829,2019-03-01T11:08:51Z,Acceleration (total),y,-0.725341737,-0.725341737
830,2019-03-01T11:08:51Z,Acceleration (total),z,-0.688858032,-0.688858032
831,2019-03-01T11:08:51Z,Gyrometer (smooth),x,0.000342401,0.000342401
832,2019-03-01T11:08:51Z,Gyrometer (smooth),y,-0.004904091,-0.004904091
833,2019-03-01T11:08:51Z,Gyrometer (smooth),z,-0.004902494,-0.004902494
834,2019-03-01T11:08:52Z,WiFi,Connected SSID,TCDwifi,TCDwifi
835,2019-03-01T11:08:52Z,WiFi,Connected BSSID,E4:AA:5D:92:8B:7E,e4:aa:5d:92:8b:7e
836,2019-03-01T11:08:52Z,Acceleration (total),x,-0.022003176,-0.022003176
837,2019-03-01T11:08:52Z,Acceleration (total),y,-0.720932007,-0.720932007
838,2019-03-01T11:08:52Z,Acceleration (total),z,-0.682327271,-0.682327271
839,2019-03-01T11:08:52Z,Gyrometer (smooth),x,-0.013571502,-0.013571502
840,2019-03-01T11:08:52Z,Gyrometer (smooth),y,0.010224828,0.010224828
841,2019-03-01T11:08:52Z,Gyrometer (smooth),z,-0.007121098,-0.007121098
842,2019-03-01T11:08:53Z,WiFi,Connected SSID,TCDwifi,TCDwifi
843,2019-03-01T11:08:53Z,WiFi,Connected BSSID,E4:AA:5D:92:8B:7E,e4:aa:5d:92:8b:7e
844,2019-03-01T11:08:53Z,Acceleration (total),x,-0.012954713,-0.012954713
845,2019-03-01T11:08:53Z,Acceleration (total),y,-0.726089478,-0.726089478
846,2019-03-01T11:08:53Z,Acceleration (total),z,-0.687133849,-0.687133849
847,2019-03-01T11:08:53Z,Gyrometer (smooth),x,-0.017067751,-0.017067751
848,2019-03-01T11:08:53Z,Gyrometer (smooth),y,-0.010954451,-0.010954451
849,2019-03-01T11:08:53Z,Gyrometer (smooth),z,0.003568035,0.003568035
850,2019-03-01T11:08:54Z,WiFi,Connected SSID,TCDwifi,TCDwifi
851,2019-03-01T11:08:54Z,WiFi,Connected BSSID,E4:AA:5D:92:8B:7E,e4:aa:5d:92:8b:7e
852,2019-03-01T11:08:54Z,Acceleration (total),x,0.27784729,0.27784729
853,2019-03-01T11:08:54Z,Acceleration (total),y,-0.832214355,-0.832214355
854,2019-03-01T11:08:54Z,Acceleration (total),z,-0.788360655,-0.788360655
855,2019-03-01T11:08:54Z,Gyrometer (smooth),x,0.223218337,0.223218337
856,2019-03-01T11:08:54Z,Gyrometer (smooth),y,-0.216537639,-0.216537639
857,2019-03-01T11:08:54Z,Gyrometer (smooth),z,0.120350927,0.120350927
858,2019-03-01T11:00:32Z,Cell Radio,Radio Access Technology,3G (HSDPA),3G (HSDPA)
859,2019-03-01T11:00:32Z,Cell Radio,Carrier,3 Ireland,3 Ireland
860,2019-03-01T11:00:32Z,GPS,Enabled,Yes,TRUE
861,2019-03-01T11:00:32Z,GPS,Authorisation Status,Authorised When In Use,Authorised When In Use
862,2019-03-01T11:00:32Z,GPS,Latitude,53.34359741,53.34359741
863,2019-03-01T11:00:32Z,GPS,Longitude,-6.250789916,-6.250789916
864,2019-03-01T11:00:32Z,GPS,Speed (estimated),Unknown,-1
865,2019-03-01T11:00:32Z,GPS,Altitude,11.3299655914307 Meters,11.32996559
866,2019-03-01T11:00:32Z,GPS,Floor,2146959360,2146959360
867,2019-03-01T11:00:32Z,GPS,Horizontal Accuracy,65 Meters,65
868,2019-03-01T11:00:32Z,GPS,Vertical Accuracy,10 Meters,10
869,2019-03-01T11:00:32Z,Cell Radio,Radio Access Technology,3G (HSDPA),3G (HSDPA)
870,2019-03-01T11:00:32Z,Cell Radio,Carrier,3 Ireland,3 Ireland
871,2019-03-01T11:00:32Z,GPS,Enabled,Yes,TRUE
872,2019-03-01T11:00:32Z,GPS,Authorisation Status,Authorised When In Use,Authorised When In Use
873,2019-03-01T11:00:32Z,GPS,Latitude,53.34359741,53.34359741
874,2019-03-01T11:00:32Z,GPS,Longitude,-6.250789916,-6.250789916
875,2019-03-01T11:00:32Z,GPS,Speed (estimated),Unknown,-1
876,2019-03-01T11:00:32Z,GPS,Altitude,11.3299655914307 Meters,11.32996559
877,2019-03-01T11:00:32Z,GPS,Floor,2146959360,2146959360
878,2019-03-01T11:00:32Z,GPS,Horizontal Accuracy,65 Meters,65
879,2019-03-01T11:00:32Z,GPS,Vertical Accuracy,10 Meters,10
880,2019-03-01T11:00:32Z,Acceleration (total),x,0.065200806,0.065200806
881,2019-03-01T11:00:32Z,Acceleration (total),y,-0.44406122,-0.44406122
882,2019-03-01T11:00:32Z,Acceleration (total),z,-0.893447876,-0.893447876
883,2019-03-01T11:00:32Z,Gyrometer (smooth),x,0.647755682,0.647755682
884,2019-03-01T11:00:32Z,Gyrometer (smooth),y,-0.421925306,-0.421925306
885,2019-03-01T11:00:32Z,Gyrometer (smooth),z,-0.004370108,-0.004370108
886,2019-03-01T11:00:33Z,GPS,Enabled,Yes,TRUE
887,2019-03-01T11:00:33Z,GPS,Authorisation Status,Authorised When In Use,Authorised When In Use
888,2019-03-01T11:00:33Z,GPS,Latitude,53.3436337,53.3436337
889,2019-03-01T11:00:33Z,GPS,Longitude,-6.250790743,-6.250790743
890,2019-03-01T11:00:33Z,GPS,Speed (estimated),Unknown,-1
891,2019-03-01T11:00:33Z,GPS,Altitude,11.2791748046875 Meters,11.2791748
892,2019-03-01T11:00:33Z,GPS,Floor,No Data,nil
893,2019-03-01T11:00:33Z,GPS,Horizontal Accuracy,65 Meters,65
894,2019-03-01T11:00:33Z,GPS,Vertical Accuracy,10 Meters,10
895,2019-03-01T11:00:33Z,GPS,Enabled,Yes,TRUE
896,2019-03-01T11:00:33Z,GPS,Authorisation Status,Authorised When In Use,Authorised When In Use
897,2019-03-01T11:00:33Z,GPS,Latitude,53.34364101,53.34364101
898,2019-03-01T11:00:33Z,GPS,Longitude,-6.250785906,-6.250785906
899,2019-03-01T11:00:33Z,GPS,Speed (estimated),Unknown,-1
900,2019-03-01T11:00:33Z,GPS,Altitude,11.2464113235474 Meters,11.24641132
901,2019-03-01T11:00:33Z,GPS,Floor,No Data,nil
902,2019-03-01T11:00:33Z,GPS,Horizontal Accuracy,65 Meters,65
903,2019-03-01T11:00:33Z,GPS,Vertical Accuracy,10 Meters,10
904,2019-03-01T11:00:33Z,WiFi,Connected SSID,TCDwifi,TCDwifi
905,2019-03-01T11:00:33Z,WiFi,Connected BSSID,54:A2:74:ED:E5:51,54:a2:74:ed:e5:51
906,2019-03-01T11:00:33Z,Acceleration (total),x,0.148178104,0.148178104
907,2019-03-01T11:00:33Z,Acceleration (total),y,-0.632385254,-0.632385254
908,2019-03-01T11:00:33Z,Acceleration (total),z,-0.888427794,-0.888427794
909,2019-03-01T11:00:33Z,Gyrometer (smooth),x,-0.092235051,-0.092235051
910,2019-03-01T11:00:33Z,Gyrometer (smooth),y,0.057475932,0.057475932
911,2019-03-01T11:00:33Z,Gyrometer (smooth),z,-0.391223043,-0.391223043
912,2019-03-01T11:00:34Z,GPS,Enabled,Yes,TRUE
913,2019-03-01T11:00:34Z,GPS,Authorisation Status,Authorised When In Use,Authorised When In Use
914,2019-03-01T11:00:34Z,GPS,Latitude,53.34364296,53.34364296
915,2019-03-01T11:00:34Z,GPS,Longitude,-6.250784564,-6.250784564
916,2019-03-01T11:00:34Z,GPS,Speed (estimated),Unknown,-1
917,2019-03-01T11:00:34Z,GPS,Altitude,11.2158041000366 Meters,11.2158041
918,2019-03-01T11:00:34Z,GPS,Floor,No Data,nil
919,2019-03-01T11:00:34Z,GPS,Horizontal Accuracy,65 Meters,65
920,2019-03-01T11:00:34Z,GPS,Vertical Accuracy,10 Meters,10
921,2019-03-01T11:00:34Z,Acceleration (total),x,0.915420532,0.915420532
922,2019-03-01T11:00:34Z,Acceleration (total),y,0.074234009,0.074234009
923,2019-03-01T11:00:34Z,Acceleration (total),z,-0.584060669,-0.584060669
924,2019-03-01T11:00:34Z,Gyrometer (smooth),x,0.453594178,0.453594178
925,2019-03-01T11:00:34Z,Gyrometer (smooth),y,0.182008803,0.182008803
926,2019-03-01T11:00:34Z,Gyrometer (smooth),z,-1.473334908,-1.473334908
927,2019-03-01T11:00:34Z,WiFi,Connected SSID,TCDwifi,TCDwifi
928,2019-03-01T11:00:34Z,WiFi,Connected BSSID,54:A2:74:ED:E5:51,54:a2:74:ed:e5:51
929,2019-03-01T11:00:35Z,GPS,Enabled,Yes,TRUE
930,2019-03-01T11:00:35Z,GPS,Authorisation Status,Authorised When In Use,Authorised When In Use
931,2019-03-01T11:00:35Z,GPS,Latitude,53.3435203,53.3435203
932,2019-03-01T11:00:35Z,GPS,Longitude,-6.250834716,-6.250834716
933,2019-03-01T11:00:35Z,GPS,Speed (estimated),2.8199999332428 m/s,2.819999933
934,2019-03-01T11:00:35Z,GPS,Altitude,11.9670066833496 Meters,11.96700668
935,2019-03-01T11:00:35Z,GPS,Floor,No Data,nil
936,2019-03-01T11:00:35Z,GPS,Horizontal Accuracy,50 Meters,50
937,2019-03-01T11:00:35Z,GPS,Vertical Accuracy,64 Meters,64
938,2019-03-01T11:00:35Z,Acceleration (total),x,0.764556944,0.764556944
939,2019-03-01T11:00:35Z,Acceleration (total),y,1.286437988,1.286437988
940,2019-03-01T11:00:35Z,Acceleration (total),z,-0.785980195,-0.785980195
941,2019-03-01T11:00:35Z,Gyrometer (smooth),x,-0.428168744,-0.428168744
942,2019-03-01T11:00:35Z,Gyrometer (smooth),y,-0.137037486,-0.137037486
943,2019-03-01T11:00:35Z,Gyrometer (smooth),z,-1.868198872,-1.868198872
944,2019-03-01T11:00:35Z,GPS,Enabled,Yes,TRUE
945,2019-03-01T11:00:35Z,GPS,Authorisation Status,Authorised When In Use,Authorised When In Use
946,2019-03-01T11:00:35Z,GPS,Latitude,53.34354,53.34354
947,2019-03-01T11:00:35Z,GPS,Longitude,-6.250863047,-6.250863047
948,2019-03-01T11:00:35Z,GPS,Speed (estimated),2.8199999332428 m/s,2.819999933
949,2019-03-01T11:00:35Z,GPS,Altitude,12.1520042419434 Meters,12.15200424
950,2019-03-01T11:00:35Z,GPS,Floor,No Data,nil
951,2019-03-01T11:00:35Z,GPS,Horizontal Accuracy,50 Meters,50
952,2019-03-01T11:00:35Z,GPS,Vertical Accuracy,64 Meters,64
953,2019-03-01T11:00:35Z,WiFi,Connected SSID,TCDwifi,TCDwifi
954,2019-03-01T11:00:35Z,WiFi,Connected BSSID,54:A2:74:ED:E5:51,54:a2:74:ed:e5:51
955,2019-03-01T11:00:36Z,Acceleration (total),x,0.463104248,0.463104248
956,2019-03-01T11:00:36Z,Acceleration (total),y,0.993453979,0.993453979
957,2019-03-01T11:00:36Z,Acceleration (total),z,-0.570877075,-0.570877075
958,2019-03-01T11:00:36Z,Gyrometer (smooth),x,1.808990359,1.808990359
959,2019-03-01T11:00:36Z,Gyrometer (smooth),y,0.209309563,0.209309563
960,2019-03-01T11:00:36Z,Gyrometer (smooth),z,-0.175448552,-0.175448552
961,2019-03-01T11:00:36Z,GPS,Enabled,Yes,TRUE
962,2019-03-01T11:00:36Z,GPS,Authorisation Status,Authorised When In Use,Authorised When In Use
963,2019-03-01T11:00:36Z,GPS,Latitude,53.34346041,53.34346041
964,2019-03-01T11:00:36Z,GPS,Longitude,-6.250751317,-6.250751317
965,2019-03-01T11:00:36Z,GPS,Speed (estimated),2.8199999332428 m/s,2.819999933
966,2019-03-01T11:00:36Z,GPS,Altitude,14.4594383239746 Meters,14.45943832
967,2019-03-01T11:00:36Z,GPS,Floor,No Data,nil
968,2019-03-01T11:00:36Z,GPS,Horizontal Accuracy,30 Meters,30
969,2019-03-01T11:00:36Z,GPS,Vertical Accuracy,24 Meters,24
970,2019-03-01T11:00:36Z,WiFi,Connected SSID,TCDwifi,TCDwifi
971,2019-03-01T11:00:36Z,WiFi,Connected BSSID,54:A2:74:ED:E5:51,54:a2:74:ed:e5:51
972,2019-03-01T11:00:37Z,Acceleration (total),x,0.886795044,0.886795044
973,2019-03-01T11:00:37Z,Acceleration (total),y,0.485519409,0.485519409
974,2019-03-01T11:00:37Z,Acceleration (total),z,0.185150206,0.185150206
975,2019-03-01T11:00:37Z,Gyrometer (smooth),x,-1.086442471,-1.086442471
976,2019-03-01T11:00:37Z,Gyrometer (smooth),y,1.852978945,1.852978945
977,2019-03-01T11:00:37Z,Gyrometer (smooth),z,1.973623753,1.973623753
978,2019-03-01T11:00:39Z,WiFi,Connected SSID,TCDwifi,TCDwifi
979,2019-03-01T11:00:39Z,WiFi,Connected BSSID,5C:83:8F:D7:E0:21,5c:83:8f:d7:e0:21
980,2019-03-01T11:00:39Z,GPS,Enabled,Yes,TRUE
981,2019-03-01T11:00:39Z,GPS,Authorisation Status,Authorised When In Use,Authorised When In Use
982,2019-03-01T11:00:39Z,GPS,Latitude,53.34337253,53.34337253
983,2019-03-01T11:00:39Z,GPS,Longitude,-6.250652326,-6.250652326
984,2019-03-01T11:00:39Z,GPS,Speed (estimated),2.25999999046326 m/s,2.25999999
985,2019-03-01T11:00:39Z,GPS,Altitude,13.1919822692871 Meters,13.19198227
986,2019-03-01T11:00:39Z,GPS,Floor,No Data,nil
987,2019-03-01T11:00:39Z,GPS,Horizontal Accuracy,30 Meters,30
988,2019-03-01T11:00:39Z,GPS,Vertical Accuracy,16 Meters,16
989,2019-03-01T11:00:39Z,Acceleration (total),x,1.1481933,1.1481933
990,2019-03-01T11:00:39Z,Acceleration (total),y,0.011917099,0.011917099
991,2019-03-01T11:00:39Z,Acceleration (total),z,0.102111816,0.102111816
992,2019-03-01T11:00:39Z,Gyrometer (smooth),x,0.785328388,0.785328388
993,2019-03-01T11:00:39Z,Gyrometer (smooth),y,-2.809120893,-2.809120893
994,2019-03-01T11:00:39Z,Gyrometer (smooth),z,0.868763208,0.868763208
995,2019-03-01T11:00:39Z,Acceleration (total),x,0.701461792,0.701461792
996,2019-03-01T11:00:39Z,Acceleration (total),y,0.021484356,0.021484356
997,2019-03-01T11:00:39Z,Acceleration (total),z,0.055099517,0.055099517
998,2019-03-01T11:00:39Z,Gyrometer (smooth),x,0.711917281,0.711917281
999,2019-03-01T11:00:39Z,Gyrometer (smooth),y,1.754282475,1.754282475
1000,2019-03-01T11:00:39Z,Gyrometer (smooth),z,0.134156898,0.134156898
1001,2019-03-01T11:00:39Z,GPS,Enabled,Yes,TRUE
1002,2019-03-01T11:00:39Z,GPS,Authorisation Status,Authorised When In Use,Authorised When In Use
1003,2019-03-01T11:00:39Z,GPS,Latitude,53.34347479,53.34347479
1004,2019-03-01T11:00:39Z,GPS,Longitude,-6.250660038,-6.250660038
1005,2019-03-01T11:00:39Z,GPS,Speed (estimated),1.5 m/s,1.5
1006,2019-03-01T11:00:39Z,GPS,Altitude,24.5079002380371 Meters,24.50790024
1007,2019-03-01T11:00:39Z,GPS,Floor,No Data,nil
1008,2019-03-01T11:00:39Z,GPS,Horizontal Accuracy,30 Meters,30
1009,2019-03-01T11:00:39Z,GPS,Vertical Accuracy,24 Meters,24
1010,2019-03-01T11:00:39Z,GPS,Enabled,Yes,TRUE
1011,2019-03-01T11:00:39Z,GPS,Authorisation Status,Authorised When In Use,Authorised When In Use
1012,2019-03-01T11:00:39Z,GPS,Latitude,53.3436568,53.3436568
1013,2019-03-01T11:00:39Z,GPS,Longitude,-6.250701696,-6.250701696
1014,2019-03-01T11:00:39Z,GPS,Speed (estimated),1.13999998569489 m/s,1.139999986
1015,2019-03-01T11:00:39Z,GPS,Altitude,24.5727806091309 Meters,24.57278061
1016,2019-03-01T11:00:39Z,GPS,Floor,No Data,nil
1017,2019-03-01T11:00:39Z,GPS,Horizontal Accuracy,30 Meters,30
1018,2019-03-01T11:00:39Z,GPS,Vertical Accuracy,16 Meters,16
1019,2019-03-01T11:00:39Z,WiFi,Connected SSID,TCDwifi,TCDwifi
1020,2019-03-01T11:00:39Z,WiFi,Connected BSSID,5C:83:8F:D7:E0:21,5c:83:8f:d7:e0:21
1021,2019-03-01T11:00:40Z,Acceleration (total),x,1.170761108,1.170761108
1022,2019-03-01T11:00:40Z,Acceleration (total),y,-0.379302979,-0.379302979
1023,2019-03-01T11:00:40Z,Acceleration (total),z,-0.256164543,-0.256164543
1024,2019-03-01T11:00:40Z,Gyrometer (smooth),x,0.364874601,0.364874601
1025,2019-03-01T11:00:40Z,Gyrometer (smooth),y,-1.814516425,-1.814516425
1026,2019-03-01T11:00:40Z,Gyrometer (smooth),z,-1.004422784,-1.004422784
1027,2019-03-01T11:00:40Z,WiFi,Connected SSID,TCDwifi,TCDwifi
1028,2019-03-01T11:00:40Z,WiFi,Connected BSSID,5C:83:8F:D7:E0:21,5c:83:8f:d7:e0:21
1029,2019-03-01T11:00:40Z,GPS,Enabled,Yes,TRUE
1030,2019-03-01T11:00:40Z,GPS,Authorisation Status,Authorised When In Use,Authorised When In Use
1031,2019-03-01T11:00:40Z,GPS,Latitude,53.34376182,53.34376182
1032,2019-03-01T11:00:40Z,GPS,Longitude,-6.250786856,-6.250786856
1033,2019-03-01T11:00:40Z,GPS,Speed (estimated),1.13999998569489 m/s,1.139999986
1034,2019-03-01T11:00:40Z,GPS,Altitude,26.0838890075684 Meters,26.08388901
1035,2019-03-01T11:00:40Z,GPS,Floor,No Data,nil
1036,2019-03-01T11:00:40Z,GPS,Horizontal Accuracy,30 Meters,30
1037,2019-03-01T11:00:40Z,GPS,Vertical Accuracy,16 Meters,16
1038,2019-03-01T11:00:41Z,Acceleration (total),x,0.84741205,0.84741205
1039,2019-03-01T11:00:41Z,Acceleration (total),y,0.253036514,0.253036514
1040,2019-03-01T11:00:41Z,Acceleration (total),z,0.35182187,0.35182187
1041,2019-03-01T11:00:41Z,Gyrometer (smooth),x,-1.476731062,-1.476731062
1042,2019-03-01T11:00:41Z,Gyrometer (smooth),y,-1.532482862,-1.532482862
1043,2019-03-01T11:00:41Z,Gyrometer (smooth),z,0.595116735,0.595116735
1044,2019-03-01T11:00:41Z,GPS,Enabled,Yes,TRUE
1045,2019-03-01T11:00:41Z,GPS,Authorisation Status,Authorised When In Use,Authorised When In Use
1046,2019-03-01T11:00:41Z,GPS,Latitude,53.34369607,53.34369607
1047,2019-03-01T11:00:41Z,GPS,Longitude,-6.250763638,-6.250763638
1048,2019-03-01T11:00:41Z,GPS,Speed (estimated),1.13999998569489 m/s,1.139999986
1049,2019-03-01T11:00:41Z,GPS,Altitude,30.8022727966309 Meters,30.8022728
1050,2019-03-01T11:00:41Z,GPS,Floor,No Data,nil
1051,2019-03-01T11:00:41Z,GPS,Horizontal Accuracy,30 Meters,30
1052,2019-03-01T11:00:41Z,GPS,Vertical Accuracy,24 Meters,24
1053,2019-03-01T11:00:41Z,WiFi,Connected SSID,TCDwifi,TCDwifi
1054,2019-03-01T11:00:41Z,WiFi,Connected BSSID,5C:83:8F:D7:E0:21,5c:83:8f:d7:e0:21
1055,2019-03-01T11:00:42Z,Acceleration (total),x,0.19883728,0.19883728
1056,2019-03-01T11:00:42Z,Acceleration (total),y,0.38684082,0.38684082
1057,2019-03-01T11:00:42Z,Acceleration (total),z,0.179977506,0.179977506
1058,2019-03-01T11:00:42Z,Gyrometer (smooth),x,0.41881156,0.41881156
1059,2019-03-01T11:00:42Z,Gyrometer (smooth),y,-0.511900961,-0.511900961
1060,2019-03-01T11:00:42Z,Gyrometer (smooth),z,0.630415618,0.630415618
1061,2019-03-01T11:00:42Z,GPS,Enabled,Yes,TRUE
1062,2019-03-01T11:00:42Z,GPS,Authorisation Status,Authorised When In Use,Authorised When In Use
1063,2019-03-01T11:00:42Z,GPS,Latitude,53.34360429,53.34360429
1064,2019-03-01T11:00:42Z,GPS,Longitude,-6.250674287,-6.250674287
1065,2019-03-01T11:00:42Z,GPS,Speed (estimated),0.850000023841858 m/s,0.850000024
1066,2019-03-01T11:00:42Z,GPS,Altitude,32.8653221130371 Meters,32.86532211
1067,2019-03-01T11:00:42Z,GPS,Floor,No Data,nil
1068,2019-03-01T11:00:42Z,GPS,Horizontal Accuracy,10 Meters,10
1069,2019-03-01T11:00:42Z,GPS,Vertical Accuracy,16 Meters,16
1070,2019-03-01T11:00:42Z,WiFi,Connected SSID,TCDwifi,TCDwifi
1071,2019-03-01T11:00:42Z,WiFi,Connected BSSID,5C:83:8F:D7:E0:21,5c:83:8f:d7:e0:21
1072,2019-03-01T11:00:42Z,Acceleration (total),x,0.861129761,0.861129761
1073,2019-03-01T11:00:42Z,Acceleration (total),y,1.069625854,1.069625854
1074,2019-03-01T11:00:42Z,Acceleration (total),z,-0.677276632,-0.677276632
1075,2019-03-01T11:00:42Z,Gyrometer (smooth),x,1.926291466,1.926291466
1076,2019-03-01T11:00:42Z,Gyrometer (smooth),y,1.791059375,1.791059375
1077,2019-03-01T11:00:42Z,Gyrometer (smooth),z,-1.851176858,-1.851176858
1078,2019-03-01T11:00:43Z,GPS,Enabled,Yes,TRUE
1079,2019-03-01T11:00:43Z,GPS,Authorisation Status,Authorised When In Use,Authorised When In Use
1080,2019-03-01T11:00:43Z,GPS,Latitude,53.34356196,53.34356196
1081,2019-03-01T11:00:43Z,GPS,Longitude,-6.250611926,-6.250611926
1082,2019-03-01T11:00:43Z,GPS,Speed (estimated),0.280000001192093 m/s,0.280000001
1083,2019-03-01T11:00:43Z,GPS,Altitude,31.0819969177246 Meters,31.08199692
1084,2019-03-01T11:00:43Z,GPS,Floor,No Data,nil
1085,2019-03-01T11:00:43Z,GPS,Horizontal Accuracy,10 Meters,10
1086,2019-03-01T11:00:43Z,GPS,Vertical Accuracy,16 Meters,16
1087,2019-03-01T11:00:43Z,Acceleration (total),x,1.379425049,1.379425049
1088,2019-03-01T11:00:43Z,Acceleration (total),y,0.090408325,0.090408325
1089,2019-03-01T11:00:43Z,Acceleration (total),z,-0.585494995,-0.585494995
1090,2019-03-01T11:00:43Z,Gyrometer (smooth),x,3.012213945,3.012213945
1091,2019-03-01T11:00:43Z,Gyrometer (smooth),y,2.007223845,2.007223845
1092,2019-03-01T11:00:43Z,Gyrometer (smooth),z,-0.14976564,-0.14976564
1093,2019-03-01T11:00:43Z,WiFi,Connected SSID,TCDwifi,TCDwifi
1094,2019-03-01T11:00:43Z,WiFi,Connected BSSID,5C:83:8F:D7:E0:21,5c:83:8f:d7:e0:21
1095,2019-03-01T11:08:48Z,GPS,Enabled,Yes,TRUE
1096,2019-03-01T11:08:48Z,GPS,Authorisation Status,Authorised When In Use,Authorised When In Use
1097,2019-03-01T11:08:48Z,GPS,Latitude,53.34349612,53.34349612
1098,2019-03-01T11:08:48Z,GPS,Longitude,-6.250580326,-6.250580326
1099,2019-03-01T11:08:48Z,GPS,Speed (estimated),0.230000004172325 m/s,0.230000004
1100,2019-03-01T11:08:48Z,GPS,Altitude,33.9085960388184 Meters,33.90859604
1101,2019-03-01T11:08:48Z,GPS,Floor,No Data,nil
1102,2019-03-01T11:08:48Z,GPS,Horizontal Accuracy,25 Meters,25
1103,2019-03-01T11:08:48Z,GPS,Vertical Accuracy,16 Meters,16
1104,2019-03-01T11:08:48Z,Acceleration (total),x,0.590606689,0.590606689
1105,2019-03-01T11:08:48Z,Acceleration (total),y,0.28433229,0.28433229
1106,2019-03-01T11:08:48Z,Acceleration (total),z,0.580337584,0.580337584
1107,2019-03-01T11:08:48Z,Gyrometer (smooth),x,-0.092808016,-0.092808016
1108,2019-03-01T11:08:48Z,Gyrometer (smooth),y,-1.687773347,-1.687773347
1109,2019-03-01T11:08:48Z,Gyrometer (smooth),z,-0.427519113,-0.427519113
1110,2019-03-01T11:08:48Z,WiFi,Connected SSID,TCDwifi,TCDwifi
1111,2019-03-01T11:08:48Z,WiFi,Connected BSSID,E4:AA:5D:92:8B:7E,e4:aa:5d:92:8b:7e
1112,2019-03-01T11:08:48Z,Acceleration (total),x,1.543136597,1.543136597
1113,2019-03-01T11:08:48Z,Acceleration (total),y,0.083251983,0.083251983
1114,2019-03-01T11:08:48Z,Acceleration (total),z,-0.093170166,-0.093170166
1115,2019-03-01T11:08:48Z,Gyrometer (smooth),x,-0.094859183,-0.094859183
1116,2019-03-01T11:08:48Z,Gyrometer (smooth),y,-1.942295909,-1.942295909
1117,2019-03-01T11:08:48Z,Gyrometer (smooth),z,-1.287757397,-1.287757397
1118,2019-03-01T11:08:48Z,Acceleration (total),x,-0.026931792,-0.026931792
1119,2019-03-01T11:08:48Z,Acceleration (total),y,-0.643630981,-0.643630981
1120,2019-03-01T11:08:48Z,Acceleration (total),z,-0.778198242,-0.778198242
1121,2019-03-01T11:08:48Z,Gyrometer (smooth),x,0.015035891,0.015035891
1122,2019-03-01T11:08:48Z,Gyrometer (smooth),y,-0.015624274,-0.015624274
1123,2019-03-01T11:08:48Z,Gyrometer (smooth),z,-0.012418859,-0.012418859
1124,2019-03-01T11:08:48Z,GPS,Enabled,Yes,TRUE
1125,2019-03-01T11:08:48Z,GPS,Authorisation Status,Authorised When In Use,Authorised When In Use
1126,2019-03-01T11:08:48Z,GPS,Latitude,53.34199323,53.34199323
1127,2019-03-01T11:08:48Z,GPS,Longitude,-6.253181268,-6.253181268
1128,2019-03-01T11:08:48Z,GPS,Speed (estimated),Unknown,-1
1129,2019-03-01T11:08:48Z,GPS,Altitude,10.6196117401123 Meters,10.61961174
1130,2019-03-01T11:08:48Z,GPS,Floor,No Data,nil
1131,2019-03-01T11:08:48Z,GPS,Horizontal Accuracy,65 Meters,65
1132,2019-03-01T11:08:48Z,GPS,Vertical Accuracy,10 Meters,10
1133,2019-03-01T11:08:48Z,GPS,Enabled,Yes,TRUE
1134,2019-03-01T11:08:48Z,GPS,Authorisation Status,Authorised When In Use,Authorised When In Use
1135,2019-03-01T11:08:48Z,GPS,Latitude,53.34199323,53.34199323
1136,2019-03-01T11:08:48Z,GPS,Longitude,-6.253181268,-6.253181268
1137,2019-03-01T11:08:48Z,GPS,Speed (estimated),Unknown,-1
1138,2019-03-01T11:08:48Z,GPS,Altitude,10.6196117401123 Meters,10.61961174
1139,2019-03-01T11:08:48Z,GPS,Floor,No Data,nil
1140,2019-03-01T11:08:48Z,GPS,Horizontal Accuracy,65 Meters,65
1141,2019-03-01T11:08:48Z,GPS,Vertical Accuracy,10 Meters,10
1142,2019-03-01T11:08:48Z,GPS,Enabled,Yes,TRUE
1143,2019-03-01T11:08:48Z,GPS,Authorisation Status,Authorised When In Use,Authorised When In Use
1144,2019-03-01T11:08:48Z,GPS,Latitude,53.34201257,53.34201257
1145,2019-03-01T11:08:48Z,GPS,Longitude,-6.253180904,-6.253180904
1146,2019-03-01T11:08:48Z,GPS,Speed (estimated),Unknown,-1
1147,2019-03-01T11:08:48Z,GPS,Altitude,10.6196117401123 Meters,10.61961174
1148,2019-03-01T11:08:48Z,GPS,Floor,No Data,nil
1149,2019-03-01T11:08:48Z,GPS,Horizontal Accuracy,306.735796133427 Meters,306.7357961
1150,2019-03-01T11:08:48Z,GPS,Vertical Accuracy,10 Meters,10
1151,2019-03-01T11:08:48Z,WiFi,Connected SSID,TCDwifi,TCDwifi
1152,2019-03-01T11:08:48Z,WiFi,Connected BSSID,E4:AA:5D:92:8B:7E,e4:aa:5d:92:8b:7e
1153,2019-03-01T11:08:48Z,Cell Radio,Radio Access Technology,4G (LTE),4G (LTE)
1154,2019-03-01T11:08:48Z,Cell Radio,Carrier,3 Ireland,3 Ireland
1155,2019-03-01T11:08:48Z,Cell Radio,Radio Access Technology,4G (LTE),4G (LTE)
1156,2019-03-01T11:08:48Z,Cell Radio,Carrier,3 Ireland,3 Ireland
1157,2019-03-01T11:08:48Z,Cell Radio,Radio Access Technology,4G (LTE),4G (LTE)
1158,2019-03-01T11:08:48Z,Cell Radio,Carrier,3 Ireland,3 Ireland
1159,2019-03-01T11:08:48Z,Cell Radio,Radio Access Technology,4G (LTE),4G (LTE)
1160,2019-03-01T11:08:48Z,Cell Radio,Carrier,3 Ireland,3 Ireland
1161,2019-03-01T11:08:48Z,GPS,Enabled,Yes,TRUE
1162,2019-03-01T11:08:48Z,GPS,Authorisation Status,Authorised When In Use,Authorised When In Use
1163,2019-03-01T11:08:48Z,GPS,Latitude,53.34201274,53.34201274
1164,2019-03-01T11:08:48Z,GPS,Longitude,-6.253180901,-6.253180901
1165,2019-03-01T11:08:48Z,GPS,Speed (estimated),Unknown,-1
1166,2019-03-01T11:08:48Z,GPS,Altitude,10.6196117401123 Meters,10.61961174
1167,2019-03-01T11:08:48Z,GPS,Floor,No Data,nil
1168,2019-03-01T11:08:48Z,GPS,Horizontal Accuracy,306.761171491787 Meters,306.7611715
1169,2019-03-01T11:08:48Z,GPS,Vertical Accuracy,10 Meters,10
1170,2019-03-01T11:08:48Z,GPS,Enabled,Yes,TRUE
1171,2019-03-01T11:08:48Z,GPS,Authorisation Status,Authorised When In Use,Authorised When In Use
1172,2019-03-01T11:08:48Z,GPS,Latitude,53.34201289,53.34201289
1173,2019-03-01T11:08:48Z,GPS,Longitude,-6.253180898,-6.253180898
1174,2019-03-01T11:08:48Z,GPS,Speed (estimated),Unknown,-1
1175,2019-03-01T11:08:48Z,GPS,Altitude,10.6196117401123 Meters,10.61961174
1176,2019-03-01T11:08:48Z,GPS,Floor,No Data,nil
1177,2019-03-01T11:08:48Z,GPS,Horizontal Accuracy,306.779264370053 Meters,306.7792644
1178,2019-03-01T11:08:48Z,GPS,Vertical Accuracy,10 Meters,10
1179,2019-03-01T11:08:48Z,GPS,Enabled,Yes,TRUE
1180,2019-03-01T11:08:48Z,GPS,Authorisation Status,Authorised When In Use,Authorised When In Use
1181,2019-03-01T11:08:48Z,GPS,Latitude,53.34201289,53.34201289
1182,2019-03-01T11:08:48Z,GPS,Longitude,-6.253180898,-6.253180898
1183,2019-03-01T11:08:48Z,GPS,Speed (estimated),Unknown,-1
1184,2019-03-01T11:08:48Z,GPS,Altitude,10.6196117401123 Meters,10.61961174
1185,2019-03-01T11:08:48Z,GPS,Floor,No Data,nil
1186,2019-03-01T11:08:48Z,GPS,Horizontal Accuracy,306.77926867115 Meters,306.7792687
1187,2019-03-01T11:08:48Z,GPS,Vertical Accuracy,10 Meters,10
1188,2019-03-01T11:08:49Z,GPS,Enabled,Yes,TRUE
1189,2019-03-01T11:08:49Z,GPS,Authorisation Status,Authorised When In Use,Authorised When In Use
1190,2019-03-01T11:08:49Z,GPS,Latitude,53.34199449,53.34199449
1191,2019-03-01T11:08:49Z,GPS,Longitude,-6.253185797,-6.253185797
1192,2019-03-01T11:08:49Z,GPS,Speed (estimated),Unknown,-1
1193,2019-03-01T11:08:49Z,GPS,Altitude,11.3288335800171 Meters,11.32883358
1194,2019-03-01T11:08:49Z,GPS,Floor,No Data,nil
1195,2019-03-01T11:08:49Z,GPS,Horizontal Accuracy,65 Meters,65
1196,2019-03-01T11:08:49Z,GPS,Vertical Accuracy,10 Meters,10
1197,2019-03-01T11:08:49Z,Acceleration (total),x,-0.017776488,-0.017776488
1198,2019-03-01T11:08:49Z,Acceleration (total),y,-0.700057983,-0.700057983
1199,2019-03-01T11:08:49Z,Acceleration (total),z,-0.719696045,-0.719696045
1200,2019-03-01T11:08:49Z,Gyrometer (smooth),x,0.047287181,0.047287181
1201,2019-03-01T11:08:49Z,Gyrometer (smooth),y,-0.057910673,-0.057910673
1202,2019-03-01T11:08:49Z,Gyrometer (smooth),z,-0.052354719,-0.052354719
1203,2019-03-01T11:08:49Z,GPS,Enabled,Yes,TRUE
1204,2019-03-01T11:08:49Z,GPS,Authorisation Status,Authorised When In Use,Authorised When In Use
1205,2019-03-01T11:08:49Z,GPS,Latitude,53.34199451,53.34199451
1206,2019-03-01T11:08:49Z,GPS,Longitude,-6.253185812,-6.253185812
1207,2019-03-01T11:08:49Z,GPS,Speed (estimated),Unknown,-1
1208,2019-03-01T11:08:49Z,GPS,Altitude,11.5527296066284 Meters,11.55272961
1209,2019-03-01T11:08:49Z,GPS,Floor,No Data,nil
1210,2019-03-01T11:08:49Z,GPS,Horizontal Accuracy,65 Meters,65
1211,2019-03-01T11:08:49Z,GPS,Vertical Accuracy,10 Meters,10
1212,2019-03-01T11:08:49Z,WiFi,Connected SSID,TCDwifi,TCDwifi
1213,2019-03-01T11:08:49Z,WiFi,Connected BSSID,E4:AA:5D:92:8B:7E,e4:aa:5d:92:8b:7e
1214,2019-03-01T11:08:50Z,Acceleration (total),x,-0.035324097,-0.035324097
1215,2019-03-01T11:08:50Z,Acceleration (total),y,-0.737030089,-0.737030089
1216,2019-03-01T11:08:50Z,Acceleration (total),z,-0.671066344,-0.671066344
1217,2019-03-01T11:08:50Z,Gyrometer (smooth),x,-0.051132895,-0.051132895
1218,2019-03-01T11:08:50Z,Gyrometer (smooth),y,0.072742268,0.072742268
1219,2019-03-01T11:08:50Z,Gyrometer (smooth),z,-0.029278945,-0.029278945
1220,2019-03-01T11:08:50Z,GPS,Enabled,Yes,TRUE
1221,2019-03-01T11:08:50Z,GPS,Authorisation Status,Authorised When In Use,Authorised When In Use
1222,2019-03-01T11:08:50Z,GPS,Latitude,53.34199404,53.34199404
1223,2019-03-01T11:08:50Z,GPS,Longitude,-6.253185819,-6.253185819
1224,2019-03-01T11:08:50Z,GPS,Speed (estimated),Unknown,-1
1225,2019-03-01T11:08:50Z,GPS,Altitude,11.6704502105713 Meters,11.67045021
1226,2019-03-01T11:08:50Z,GPS,Floor,No Data,nil
1227,2019-03-01T11:08:50Z,GPS,Horizontal Accuracy,65 Meters,65
1228,2019-03-01T11:08:50Z,GPS,Vertical Accuracy,10 Meters,10
1229,2019-03-01T11:08:50Z,WiFi,Connected SSID,TCDwifi,TCDwifi
1230,2019-03-01T11:08:50Z,WiFi,Connected BSSID,E4:AA:5D:92:8B:7E,e4:aa:5d:92:8b:7e
1231,2019-03-01T11:08:50Z,Acceleration (total),x,0.001220703,0.001220703
1232,2019-03-01T11:08:50Z,Acceleration (total),y,-0.730285645,-0.730285645
1233,2019-03-01T11:08:50Z,Acceleration (total),z,-0.695068359,-0.695068359
1234,2019-03-01T11:08:50Z,Gyrometer (smooth),x,-0.083472423,-0.083472423
1235,2019-03-01T11:08:50Z,Gyrometer (smooth),y,-0.142986327,-0.142986327
1236,2019-03-01T11:08:50Z,Gyrometer (smooth),z,-0.014022008,-0.014022008
1237,2019-03-01T11:08:50Z,GPS,Enabled,Yes,TRUE
1238,2019-03-01T11:08:50Z,GPS,Authorisation Status,Authorised When In Use,Authorised When In Use
1239,2019-03-01T11:08:50Z,GPS,Latitude,53.34199401,53.34199401
1240,2019-03-01T11:08:50Z,GPS,Longitude,-6.253185651,-6.253185651
1241,2019-03-01T11:08:50Z,GPS,Speed (estimated),Unknown,-1
1242,2019-03-01T11:08:50Z,GPS,Altitude,11.7677545547485 Meters,11.76775455
1243,2019-03-01T11:08:50Z,GPS,Floor,No Data,nil
1244,2019-03-01T11:08:50Z,GPS,Horizontal Accuracy,65 Meters,65
1245,2019-03-01T11:08:50Z,GPS,Vertical Accuracy,10 Meters,10
1246,2019-03-01T11:08:51Z,GPS,Enabled,Yes,TRUE
1247,2019-03-01T11:08:51Z,GPS,Authorisation Status,Authorised When In Use,Authorised When In Use
1248,2019-03-01T11:08:51Z,GPS,Latitude,53.341994,53.341994
1249,2019-03-01T11:08:51Z,GPS,Longitude,-6.25318561,-6.25318561
1250,2019-03-01T11:08:51Z,GPS,Speed (estimated),Unknown,-1
1251,2019-03-01T11:08:51Z,GPS,Altitude,11.8217496871948 Meters,11.82174969
1252,2019-03-01T11:08:51Z,GPS,Floor,No Data,nil
1253,2019-03-01T11:08:51Z,GPS,Horizontal Accuracy,65 Meters,65
1254,2019-03-01T11:08:51Z,GPS,Vertical Accuracy,10 Meters,10
1255,2019-03-01T11:08:51Z,WiFi,Connected SSID,TCDwifi,TCDwifi
1256,2019-03-01T11:08:51Z,WiFi,Connected BSSID,E4:AA:5D:92:8B:7E,e4:aa:5d:92:8b:7e
1257,2019-03-01T11:08:51Z,Acceleration (total),x,-0.015640261,-0.015640261
1258,2019-03-01T11:08:51Z,Acceleration (total),y,-0.725341737,-0.725341737
1259,2019-03-01T11:08:51Z,Acceleration (total),z,-0.688858032,-0.688858032
1260,2019-03-01T11:08:51Z,Gyrometer (smooth),x,0.000342401,0.000342401
1261,2019-03-01T11:08:51Z,Gyrometer (smooth),y,-0.004904091,-0.004904091
1262,2019-03-01T11:08:51Z,Gyrometer (smooth),z,-0.004902494,-0.004902494
1263,2019-03-01T11:08:52Z,WiFi,Connected SSID,TCDwifi,TCDwifi
1264,2019-03-01T11:08:52Z,WiFi,Connected BSSID,E4:AA:5D:92:8B:7E,e4:aa:5d:92:8b:7e
1265,2019-03-01T11:08:52Z,Acceleration (total),x,-0.022003176,-0.022003176
1266,2019-03-01T11:08:52Z,Acceleration (total),y,-0.720932007,-0.720932007
1267,2019-03-01T11:08:52Z,Acceleration (total),z,-0.682327271,-0.682327271
1268,2019-03-01T11:08:52Z,Gyrometer (smooth),x,-0.013571502,-0.013571502
1269,2019-03-01T11:08:52Z,Gyrometer (smooth),y,0.010224828,0.010224828
1270,2019-03-01T11:08:52Z,Gyrometer (smooth),z,-0.007121098,-0.007121098
1271,2019-03-01T11:08:53Z,WiFi,Connected SSID,TCDwifi,TCDwifi
1272,2019-03-01T11:08:53Z,WiFi,Connected BSSID,E4:AA:5D:92:8B:7E,e4:aa:5d:92:8b:7e
1273,2019-03-01T11:08:53Z,Acceleration (total),x,-0.012954713,-0.012954713
1274,2019-03-01T11:08:53Z,Acceleration (total),y,-0.726089478,-0.726089478
1275,2019-03-01T11:08:53Z,Acceleration (total),z,-0.687133849,-0.687133849
1276,2019-03-01T11:08:53Z,Gyrometer (smooth),x,-0.017067751,-0.017067751
1277,2019-03-01T11:08:53Z,Gyrometer (smooth),y,-0.010954451,-0.010954451
1278,2019-03-01T11:08:53Z,Gyrometer (smooth),z,0.003568035,0.003568035
1279,2019-03-01T11:08:54Z,WiFi,Connected SSID,TCDwifi,TCDwifi
1280,2019-03-01T11:08:54Z,WiFi,Connected BSSID,E4:AA:5D:92:8B:7E,e4:aa:5d:92:8b:7e
1281,2019-03-01T11:08:54Z,Acceleration (total),x,0.27784729,0.27784729
1282,2019-03-01T11:08:54Z,Acceleration (total),y,-0.832214355,-0.832214355
1283,2019-03-01T11:08:54Z,Acceleration (total),z,-0.788360655,-0.788360655
1284,2019-03-01T11:08:54Z,Gyrometer (smooth),x,0.223218337,0.223218337
1285,2019-03-01T11:08:54Z,Gyrometer (smooth),y,-0.216537639,-0.216537639
1286,2019-03-01T11:08:54Z,Gyrometer (smooth),z,0.120350927,0.120350927
